<?xml version="1.0" encoding="utf-8"?>
<!--/484393/550576/2.50/5/3/LED/-->
<quadcept_library>
  <setting unit="mil" />
  <textstyle name="Default" height="47.244094488189" strokewidth="7.8740157480315" charwidth="47.244094488189" />
  <textstyle name="Dimension" height="19.6850393700787" strokewidth="0" charwidth="19.6850393700787" />
  <textstyle name="H127W0635TH00762" height="50" strokewidth="3" charwidth="25" />
  <textstyle name="H15W15TH02" height="59.0551181102362" strokewidth="7.8740157480315" charwidth="59.0551181102362" />
  <padstyle name="r130_115" surface="True" plated="False" isvia="False" nopaste="False" nomask="True" complex="False" holesize="0">
    <padshape layer="TOP" shape="rectangle" width="45.275590551181" height="51.181102362204" />
    <padshape layer="TOP_SOLDER_MASK" shape="rectangle" width="53.149606299212" height="59.055118110235" />
    <padshape layer="TOP_SOLDER_PASTE" shape="rectangle" width="45.275590551181" height="51.181102362204" />
  </padstyle>
  <padstyle name="r320_70" surface="True" plated="False" isvia="False" nopaste="False" nomask="True" complex="False" holesize="0">
    <padshape layer="TOP" shape="rectangle" width="27.55905511811" height="125.9842519685" />
    <padshape layer="TOP_SOLDER_MASK" shape="rectangle" width="35.433070866141" height="133.85826771653" />
    <padshape layer="TOP_SOLDER_PASTE" shape="rectangle" width="27.55905511811" height="125.9842519685" />
  </padstyle>
  <footprint name="MLBAWTA10000000W51" originx="0" originy="0" pickpointx="0" pickpointy="0">
    <pcbpin number="1" name="1" style="r130_115" originx="-58.070866141732" originy="-40.354330708661" rotation="90" />
    <pcbpin number="2" name="2" style="r130_115" originx="58.070866141732" originy="-40.354330708661" rotation="90" />
    <pcbpin number="3" name="3" style="r130_115" originx="58.070866141732" originy="40.354330708661" rotation="90" />
    <pcbpin number="4" name="4" style="r130_115" originx="-58.070866141732" originy="40.354330708661" rotation="90" />
    <pcbpin number="5" name="5" style="r320_70" originx="0" originy="0" rotation="0" />
    <line layer="TOP_ASSEMBLY" originx="-62.007874015747" originy="68.897637795275" endx="62.007874015747" endy="68.897637795275" width="3.9370078740157" />
    <line layer="TOP_ASSEMBLY" originx="62.007874015747" originy="68.897637795275" endx="62.007874015747" endy="-68.897637795275" width="3.9370078740157" />
    <line layer="TOP_ASSEMBLY" originx="62.007874015747" originy="-68.897637795275" endx="-62.007874015747" endy="-68.897637795275" width="3.9370078740157" />
    <line layer="TOP_ASSEMBLY" originx="-62.007874015747" originy="-68.897637795275" endx="-62.007874015747" endy="68.897637795275" width="3.9370078740157" />
    <line layer="TOP_PLACE_BOUND" originx="-123.03149606299" originy="108.26771653543" endx="123.03149606299" endy="108.26771653543" width="3.9370078740157" />
    <line layer="TOP_PLACE_BOUND" originx="123.03149606299" originy="108.26771653543" endx="123.03149606299" endy="-108.26771653543" width="3.9370078740157" />
    <line layer="TOP_PLACE_BOUND" originx="123.03149606299" originy="-108.26771653543" endx="-123.03149606299" endy="-108.26771653543" width="3.9370078740157" />
    <line layer="TOP_PLACE_BOUND" originx="-123.03149606299" originy="-108.26771653543" endx="-123.03149606299" endy="108.26771653543" width="3.9370078740157" />
    <line layer="TOP_SILKSCREEN" originx="-110.23622047244" originy="-40.354330708661" endx="-110.23622047244" endy="-40.354330708661" width="7.8740157480314" />
    <arc layer="TOP_SILKSCREEN" originx="-108.26771653543" originy="-40.354330708661" startangle="180.0" sweepangle="180.0" radius="1.9685039370078" width="7.8740157480314" />
    <line layer="TOP_SILKSCREEN" originx="-106.29921259842" originy="-40.354330708661" endx="-106.29921259842" endy="-40.354330708661" width="7.8740157480314" />
    <arc layer="TOP_SILKSCREEN" originx="-108.26771653543" originy="-40.354330708661" startangle=".0" sweepangle="180.0" radius="1.9685039370078" width="7.8740157480314" />
    <line layer="TOP_SILKSCREEN" originx="-110.23622047244" originy="-40.354330708661" endx="-110.23622047244" endy="-40.354330708661" width="7.8740157480314" />
    <arc layer="TOP_SILKSCREEN" originx="-108.26771653543" originy="-40.354330708661" startangle="180.0" sweepangle="180.0" radius="1.9685039370078" width="7.8740157480314" />
  </footprint>
  <symbol name="MLBAWT-A1-0000-000W51" originx="0" originy="0">
    <line originx="200" originy="100" endx="800" endy="100" width="0" />
    <line originx="800" originy="-300" endx="800" endy="100" width="0" />
    <line originx="800" originy="-300" endx="200" endy="-300" width="0" />
    <line originx="200" originy="100" endx="200" endy="-300" width="0" />
    <sympin number="1" originx="200" originy="0" rotation="180" length="100" width="7.8740157480315" flipped="False">
      <text name="pinname" originx="230" originy="0" style="Default" rotation="0" justify="left" flipped="False" hidden="False" data="A_1" />
      <text name="pindes" originx="140" originy="20" style="Default" rotation="0" justify="lowerright" flipped="False" hidden="False" data="1" />
    </sympin>
    <sympin number="2" originx="200" originy="-100" rotation="180" length="100" width="7.8740157480315" flipped="False">
      <text name="pinname" originx="230" originy="-100" style="Default" rotation="0" justify="left" flipped="False" hidden="False" data="K_1" />
      <text name="pindes" originx="140" originy="-80" style="Default" rotation="0" justify="lowerright" flipped="False" hidden="False" data="2" />
    </sympin>
    <sympin number="3" originx="200" originy="-200" rotation="180" length="100" width="7.8740157480315" flipped="False">
      <text name="pinname" originx="230" originy="-200" style="Default" rotation="0" justify="left" flipped="False" hidden="False" data="K_2" />
      <text name="pindes" originx="140" originy="-180" style="Default" rotation="0" justify="lowerright" flipped="False" hidden="False" data="3" />
    </sympin>
    <sympin number="4" originx="800" originy="0" rotation="0" length="100" width="7.8740157480315" flipped="False">
      <text name="pinname" originx="770" originy="0" style="Default" rotation="0" justify="right" flipped="False" hidden="False" data="A_2" />
      <text name="pindes" originx="860" originy="20" style="Default" rotation="0" justify="lowerleft" flipped="False" hidden="False" data="4" />
    </sympin>
    <sympin number="5" originx="800" originy="-100" rotation="0" length="100" width="7.8740157480315" flipped="False">
      <text name="pinname" originx="770" originy="-100" style="Default" rotation="0" justify="right" flipped="False" hidden="False" data="EP" />
      <text name="pindes" originx="860" originy="-80" style="Default" rotation="0" justify="lowerleft" flipped="False" hidden="False" data="5" />
    </sympin>
  </symbol>
  <component name="MLBAWT-A1-0000-000W51" designatorprefix="LED" height="52.362204724409" footprint="MLBAWTA10000000W51">
    <comppin designator="1" sympin="1" pinswap="0" gateswap="0" gate="1" group="1" side="" type="Any" name="A_1" />
    <comppin designator="2" sympin="2" pinswap="0" gateswap="0" gate="1" group="1" side="" type="Any" name="K_1" />
    <comppin designator="3" sympin="3" pinswap="0" gateswap="0" gate="1" group="1" side="" type="Any" name="K_2" />
    <comppin designator="4" sympin="4" pinswap="0" gateswap="0" gate="1" group="1" side="" type="Any" name="A_2" />
    <comppin designator="5" sympin="5" pinswap="0" gateswap="0" gate="1" group="1" side="" type="Any" name="EP" />
    <attached_symbol gate="1" name="MLBAWT-A1-0000-000W51" />
    <pinmap designator="1" footprintpin="1" />
    <pinmap designator="2" footprintpin="2" />
    <pinmap designator="3" footprintpin="3" />
    <pinmap designator="4" footprintpin="4" />
    <pinmap designator="5" footprintpin="5" />
    <text name="Datasheet" originx="0" originy="0" style="Default" rotation="0" justify="" flipped="False" hidden="True" data="https://componentsearchengine.com/Datasheets/1/MLBAWT-A1-0000-000W51.pdf" />
    <text name="Description" originx="0" originy="0" style="Default" rotation="0" justify="" flipped="False" hidden="True" data="Cree MLBAWT-A1-0000-000W51, XLamp ML-B Series White LED, 6500K,, Square Lens SMD Package" />
    <text name="Mouser Part Number" originx="0" originy="0" style="Default" rotation="0" justify="" flipped="False" hidden="True" data="941-MLBAWTA1000W51" />
    <text name="Mouser Price/Stock" originx="0" originy="0" style="Default" rotation="0" justify="" flipped="False" hidden="True" data="https://www.mouser.com/Search/Refine.aspx?Keyword=941-MLBAWTA1000W51" />
    <text name="Manufacturer_Name" originx="0" originy="0" style="Default" rotation="0" justify="" flipped="False" hidden="True" data="Wolfspeed" />
    <text name="Manufacturer_Part_Number" originx="850" originy="200" style="Default" rotation="0" justify="left" flipped="False" hidden="False" data="MLBAWT-A1-0000-000W51" />
  </component>
</quadcept_library>
