<?xml version="1.0" encoding="utf-8"?>
<!--/253866/550576/2.50/2/4/LED/-->
<quadcept_library>
  <setting unit="mil" />
  <textstyle name="Default" height="47.244094488189" strokewidth="7.8740157480315" charwidth="47.244094488189" />
  <textstyle name="Dimension" height="19.6850393700787" strokewidth="0" charwidth="19.6850393700787" />
  <textstyle name="H127W0635TH00762" height="50" strokewidth="3" charwidth="25" />
  <textstyle name="H15W15TH02" height="59.0551181102362" strokewidth="7.8740157480315" charwidth="59.0551181102362" />
  <padstyle name="r305_145" surface="True" plated="False" isvia="False" nopaste="False" nomask="True" complex="False" holesize="0">
    <padshape layer="TOP" shape="rectangle" width="57.086614173228" height="120.07874015748" />
    <padshape layer="TOP_SOLDER_MASK" shape="rectangle" width="64.960629921259" height="127.95275590551" />
    <padshape layer="TOP_SOLDER_PASTE" shape="rectangle" width="57.086614173228" height="120.07874015748" />
  </padstyle>
  <footprint name="LEDC3228X190M" originx="0" originy="0" pickpointx="0" pickpointy="0">
    <pcbpin number="1" name="1" style="r305_145" originx="-59.055118110235" originy="0" rotation="0" />
    <pcbpin number="2" name="2" style="r305_145" originx="59.055118110235" originy="0" rotation="0" />
    <line layer="TOP_PLACE_BOUND" originx="-107.28346456693" originy="80.708661417322" endx="107.28346456693" endy="80.708661417322" width="1.9685039370079" />
    <line layer="TOP_PLACE_BOUND" originx="107.28346456693" originy="80.708661417322" endx="107.28346456693" endy="-80.708661417322" width="1.9685039370079" />
    <line layer="TOP_PLACE_BOUND" originx="107.28346456693" originy="-80.708661417322" endx="-107.28346456693" endy="-80.708661417322" width="1.9685039370079" />
    <line layer="TOP_PLACE_BOUND" originx="-107.28346456693" originy="-80.708661417322" endx="-107.28346456693" endy="80.708661417322" width="1.9685039370079" />
    <line layer="TOP_ASSEMBLY" originx="-62.992125984251" originy="55.11811023622" endx="62.992125984251" endy="55.11811023622" width="3.9370078740157" />
    <line layer="TOP_ASSEMBLY" originx="62.992125984251" originy="55.11811023622" endx="62.992125984251" endy="-55.11811023622" width="3.9370078740157" />
    <line layer="TOP_ASSEMBLY" originx="62.992125984251" originy="-55.11811023622" endx="-62.992125984251" endy="-55.11811023622" width="3.9370078740157" />
    <line layer="TOP_ASSEMBLY" originx="-62.992125984251" originy="-55.11811023622" endx="-62.992125984251" endy="55.11811023622" width="3.9370078740157" />
    <line layer="TOP_ASSEMBLY" originx="-62.992125984251" originy="18.385826771653" endx="-26.259842519685" endy="55.11811023622" width="3.9370078740157" />
    <line layer="TOP_SILKSCREEN" originx="59.055118110235" originy="73.818897637794" endx="-101.3779527559" endy="73.818897637794" width="7.8740157480314" />
    <line layer="TOP_SILKSCREEN" originx="-101.3779527559" originy="73.818897637794" endx="-101.3779527559" endy="-73.818897637794" width="7.8740157480314" />
    <line layer="TOP_SILKSCREEN" originx="-101.3779527559" originy="-73.818897637794" endx="59.055118110235" endy="-73.818897637794" width="7.8740157480314" />
  </footprint>
  <symbol name="VLMU3100-GS08" originx="0" originy="0">
    <line originx="200" originy="100" endx="200" endy="-100" width="0" />
    <line originx="250" originy="100" endx="150" endy="200" width="0" />
    <line originx="350" originy="100" endx="250" endy="200" width="0" />
    <line originx="100" originy="0" endx="200" endy="0" width="0" />
    <line originx="400" originy="0" endx="500" endy="0" width="0" />
    <sympin number="1" originx="100" originy="0" rotation="180" length="100" width="7.8740157480315" flipped="False">
      <text name="pinname" originx="10" originy="-10" style="Default" rotation="0" justify="upperleft" flipped="False" hidden="True" data="K" />
      <text name="pindes" originx="60" originy="10" style="Default" rotation="0" justify="lowerright" flipped="False" hidden="False" data="1" />
    </sympin>
    <sympin number="2" originx="500" originy="0" rotation="0" length="100" width="7.8740157480315" flipped="False">
      <text name="pinname" originx="590" originy="-10" style="Default" rotation="0" justify="upperright" flipped="False" hidden="True" data="A" />
      <text name="pindes" originx="540" originy="10" style="Default" rotation="0" justify="lowerleft" flipped="False" hidden="False" data="2" />
    </sympin>
    <polygon type="polygon">
      <point x="200" y="0" />
      <point x="400" y="100" />
      <point x="400" y="-100" />
    </polygon>
    <polygon type="polygon">
      <point x="210" y="170" />
      <point x="180" y="140" />
      <point x="150" y="200" />
    </polygon>
    <polygon type="polygon">
      <point x="310" y="170" />
      <point x="280" y="140" />
      <point x="250" y="200" />
    </polygon>
  </symbol>
  <component name="VLMU3100-GS08" designatorprefix="LED" height="74.803149606298" footprint="LEDC3228X190M">
    <comppin designator="1" sympin="1" pinswap="0" gateswap="0" gate="1" group="1" side="" type="Any" name="K" />
    <comppin designator="2" sympin="2" pinswap="0" gateswap="0" gate="1" group="1" side="" type="Any" name="A" />
    <attached_symbol gate="1" name="VLMU3100-GS08" />
    <pinmap designator="1" footprintpin="1" />
    <pinmap designator="2" footprintpin="2" />
    <text name="Datasheet" originx="0" originy="0" style="Default" rotation="0" justify="" flipped="False" hidden="True" data="https://datasheet.datasheetarchive.com/originals/distributors/Datasheets-DGA2/205149.pdf" />
    <text name="Description" originx="0" originy="0" style="Default" rotation="0" justify="" flipped="False" hidden="True" data="LED Uni-Color Violet 405nm LED Uni-Color Violet 405nm" />
    <text name="Mouser Part Number" originx="0" originy="0" style="Default" rotation="0" justify="" flipped="False" hidden="True" data="78-VLMU3100-GS08" />
    <text name="Mouser Price/Stock" originx="0" originy="0" style="Default" rotation="0" justify="" flipped="False" hidden="True" data="https://www.mouser.co.uk/ProductDetail/Vishay-Semiconductors/VLMU3100-GS08?qs=PCImSRb%252BFGoAl6yEsHP8%2FA%3D%3D" />
    <text name="Manufacturer_Name" originx="0" originy="0" style="Default" rotation="0" justify="" flipped="False" hidden="True" data="Vishay" />
    <text name="Manufacturer_Part_Number" originx="500" originy="250" style="Default" rotation="0" justify="lowerleft" flipped="False" hidden="False" data="VLMU3100-GS08" />
  </component>
</quadcept_library>
