﻿designator,quantity,value,pack,mpn,mount_type
"C1, C10, C11, C13, C14, C15, C16, C17, C18, C19, C2, C20, C21, C22, C23, C24, C25, C26, C3, C4, C5, C6, C7, C8, C9",25,100nF,C_0603_1608Metric_Pad1.08x0.95mm_HandSolder,,smt
"D1, D11, D13, D15, D17, D19, D23, D25, D27, D29, D3, D31, D33, D35, D37, D39, D41, D43, D45, D47, D49, D5, D7, D9",24,B340,D_SMC,,smt
"D10, D12, D14, D16, D18, D2, D20, D24, D26, D28, D30, D32, D34, D36, D38, D4, D40, D42, D44, D46, D48, D50, D6, D8",24,PTVS12VZ1USK,Nexperia_DSN1608-2_1.6x0.8mm,,smt
J1,1,sensPin1,JST_XH_S2B-XH-A_1x02_P2.50mm_Horizontal,,tht
J10,1,togglePin6,JST_XH_S2B-XH-A_1x02_P2.50mm_Horizontal,,tht
J11,1,dimPin1,JST_XH_S2B-XH-A_1x02_P2.50mm_Horizontal,,tht
J12,1,dimPin2,JST_XH_S2B-XH-A_1x02_P2.50mm_Horizontal,,tht
J13,1,dimPin3,JST_XH_S2B-XH-A_1x02_P2.50mm_Horizontal,,tht
J14,1,dimPin4,JST_XH_S2B-XH-A_1x02_P2.50mm_Horizontal,,tht
J15,1,timerPin1,JST_XH_S2B-XH-A_1x02_P2.50mm_Horizontal,,tht
J16,1,timerPin2,JST_XH_S2B-XH-A_1x02_P2.50mm_Horizontal,,tht
J17,1,timerPin3,JST_XH_S2B-XH-A_1x02_P2.50mm_Horizontal,,tht
J18,1,timerPin4,JST_XH_S2B-XH-A_1x02_P2.50mm_Horizontal,,tht
J19,1,sequencePin1,JST_XH_S2B-XH-A_1x02_P2.50mm_Horizontal,,tht
J2,1,sensPin2,JST_XH_S2B-XH-A_1x02_P2.50mm_Horizontal,,tht
J20,1,sequencePin2,JST_XH_S2B-XH-A_1x02_P2.50mm_Horizontal,,tht
J21,1,sequencePin3,JST_XH_S2B-XH-A_1x02_P2.50mm_Horizontal,,tht
J22,1,sequencePin4,JST_XH_S2B-XH-A_1x02_P2.50mm_Horizontal,,tht
J23,1,sequencePin5,JST_XH_S2B-XH-A_1x02_P2.50mm_Horizontal,,tht
J24,1,sequencePin6,JST_XH_S2B-XH-A_1x02_P2.50mm_Horizontal,,tht
J25,1,5VDC,JST_XH_S2B-XH-A_1x02_P2.50mm_Horizontal,,tht
J3,1,sensPin3,JST_XH_S2B-XH-A_1x02_P2.50mm_Horizontal,,tht
J4,1,sensPin4,JST_XH_S2B-XH-A_1x02_P2.50mm_Horizontal,,tht
J5,1,togglePin1,JST_XH_S2B-XH-A_1x02_P2.50mm_Horizontal,,tht
J6,1,togglePin2,JST_XH_S2B-XH-A_1x02_P2.50mm_Horizontal,,tht
J7,1,togglePin3,JST_XH_S2B-XH-A_1x02_P2.50mm_Horizontal,,tht
J8,1,togglePin4,JST_XH_S2B-XH-A_1x02_P2.50mm_Horizontal,,tht
J9,1,togglePin5,JST_XH_S2B-XH-A_1x02_P2.50mm_Horizontal,,tht
"Q1, Q10, Q12, Q13, Q14, Q15, Q16, Q17, Q18, Q19, Q2, Q20, Q21, Q22, Q23, Q24, Q25, Q3, Q4, Q5, Q6, Q7, Q8, Q9",24,IRLML6244,SOT-23,,smt
"R1, R10, R12, R13, R14, R15, R16, R17, R18, R19, R2, R20, R21, R22, R23, R24, R25, R3, R4, R5, R6, R7, R8, R9",24,100ohm,R_0603_1608Metric_Pad0.98x0.95mm_HandSolder,,smt
U1,1,ESP32-WROOM-32D,ESP32-WROOM-32D,,smt
U2,1,OKI-78SR-3.3_1.5-W36H-C,Converter_DCDC_Murata_OKI-78SR_Horizontal,,tht
