﻿pos_x,pos_y,rotation,side,designator,mpn,pack,value,mount_type,place
145.6375,-35.5,0.0,top,C1,,C_0603_1608Metric_Pad1.08x0.95mm_HandSolder,100nF,smt,True
215.5,-101.6375,-90.0,top,C10,,C_0603_1608Metric_Pad1.08x0.95mm_HandSolder,100nF,smt,True
215.5,-110.6375,-90.0,top,C11,,C_0603_1608Metric_Pad1.08x0.95mm_HandSolder,100nF,smt,True
85.5,-66.0,90.0,top,C13,,C_0603_1608Metric_Pad1.08x0.95mm_HandSolder,100nF,smt,True
85.5,-75.5,90.0,top,C14,,C_0603_1608Metric_Pad1.08x0.95mm_HandSolder,100nF,smt,True
85.5,-85.5,90.0,top,C15,,C_0603_1608Metric_Pad1.08x0.95mm_HandSolder,100nF,smt,True
85.5,-94.5,90.0,top,C16,,C_0603_1608Metric_Pad1.08x0.95mm_HandSolder,100nF,smt,True
85.5,-104.0,90.0,top,C17,,C_0603_1608Metric_Pad1.08x0.95mm_HandSolder,100nF,smt,True
85.5,-113.5,90.0,top,C18,,C_0603_1608Metric_Pad1.08x0.95mm_HandSolder,100nF,smt,True
137.6375,-132.5,180.0,top,C19,,C_0603_1608Metric_Pad1.08x0.95mm_HandSolder,100nF,smt,True
101.6375,-29.0,180.0,bottom,C2,,C_0603_1608Metric_Pad1.08x0.95mm_HandSolder,100nF,smt,True
147.1375,-132.5,180.0,top,C20,,C_0603_1608Metric_Pad1.08x0.95mm_HandSolder,100nF,smt,True
156.8625,-132.5,180.0,top,C21,,C_0603_1608Metric_Pad1.08x0.95mm_HandSolder,100nF,smt,True
166.5,-132.5,180.0,top,C22,,C_0603_1608Metric_Pad1.08x0.95mm_HandSolder,100nF,smt,True
188.5,-35.5,0.0,top,C23,,C_0603_1608Metric_Pad1.08x0.95mm_HandSolder,100nF,smt,True
179.5,-35.5,0.0,top,C24,,C_0603_1608Metric_Pad1.08x0.95mm_HandSolder,100nF,smt,True
170.0,-35.5,0.0,top,C25,,C_0603_1608Metric_Pad1.08x0.95mm_HandSolder,100nF,smt,True
160.5,-35.5,0.0,top,C26,,C_0603_1608Metric_Pad1.08x0.95mm_HandSolder,100nF,smt,True
118.5,-35.5,0.0,top,C3,,C_0603_1608Metric_Pad1.08x0.95mm_HandSolder,100nF,smt,True
127.5,-35.5,0.0,top,C4,,C_0603_1608Metric_Pad1.08x0.95mm_HandSolder,100nF,smt,True
136.6375,-35.5,0.0,top,C5,,C_0603_1608Metric_Pad1.08x0.95mm_HandSolder,100nF,smt,True
215.5,-63.6375,-90.0,top,C6,,C_0603_1608Metric_Pad1.08x0.95mm_HandSolder,100nF,smt,True
215.5,-73.1375,-90.0,top,C7,,C_0603_1608Metric_Pad1.08x0.95mm_HandSolder,100nF,smt,True
215.5,-82.6375,-90.0,top,C8,,C_0603_1608Metric_Pad1.08x0.95mm_HandSolder,100nF,smt,True
215.5,-92.0,-90.0,top,C9,,C_0603_1608Metric_Pad1.08x0.95mm_HandSolder,100nF,smt,True
137.0,-54.0,-90.0,top,D1,,D_SMC,B340,smt,True
210.5,-64.215,-90.0,top,D10,,Nexperia_DSN1608-2_1.6x0.8mm,PTVS12VZ1USK,smt,True
191.1,-73.5,180.0,top,D11,,D_SMC,B340,smt,True
210.5,-73.715,-90.0,top,D12,,Nexperia_DSN1608-2_1.6x0.8mm,PTVS12VZ1USK,smt,True
190.9,-83.0,180.0,top,D13,,D_SMC,B340,smt,True
210.5,-83.215,-90.0,top,D14,,Nexperia_DSN1608-2_1.6x0.8mm,PTVS12VZ1USK,smt,True
190.9,-92.5,180.0,top,D15,,D_SMC,B340,smt,True
210.5,-92.715,-90.0,top,D16,,Nexperia_DSN1608-2_1.6x0.8mm,PTVS12VZ1USK,smt,True
190.9,-102.0,180.0,top,D17,,D_SMC,B340,smt,True
210.5,-102.215,-90.0,top,D18,,Nexperia_DSN1608-2_1.6x0.8mm,PTVS12VZ1USK,smt,True
190.9,-111.5,180.0,top,D19,,D_SMC,B340,smt,True
145.5,-38.0,0.0,top,D2,,Nexperia_DSN1608-2_1.6x0.8mm,PTVS12VZ1USK,smt,True
210.5,-111.215,-90.0,top,D20,,Nexperia_DSN1608-2_1.6x0.8mm,PTVS12VZ1USK,smt,True
109.5,-66.0,0.0,top,D23,,D_SMC,B340,smt,True
90.0,-66.215,90.0,top,D24,,Nexperia_DSN1608-2_1.6x0.8mm,PTVS12VZ1USK,smt,True
109.5,-75.5,0.0,top,D25,,D_SMC,B340,smt,True
90.0,-75.5,90.0,top,D26,,Nexperia_DSN1608-2_1.6x0.8mm,PTVS12VZ1USK,smt,True
109.5,-85.0,0.0,top,D27,,D_SMC,B340,smt,True
90.0,-85.715,90.0,top,D28,,Nexperia_DSN1608-2_1.6x0.8mm,PTVS12VZ1USK,smt,True
109.5,-94.5,0.0,top,D29,,D_SMC,B340,smt,True
191.1,-64.0,180.0,top,D3,,D_SMC,B340,smt,True
90.0,-94.715,90.0,top,D30,,Nexperia_DSN1608-2_1.6x0.8mm,PTVS12VZ1USK,smt,True
109.5,-104.0,0.0,top,D31,,D_SMC,B340,smt,True
90.0,-104.0,90.0,top,D32,,Nexperia_DSN1608-2_1.6x0.8mm,PTVS12VZ1USK,smt,True
109.5,-113.5,0.0,top,D33,,D_SMC,B340,smt,True
90.0,-113.5,90.0,top,D34,,Nexperia_DSN1608-2_1.6x0.8mm,PTVS12VZ1USK,smt,True
137.5,-113.6,90.0,top,D35,,D_SMC,B340,smt,True
137.5,-129.5,180.0,top,D36,,Nexperia_DSN1608-2_1.6x0.8mm,PTVS12VZ1USK,smt,True
147.0,-113.6,90.0,top,D37,,D_SMC,B340,smt,True
147.0,-129.5,180.0,top,D38,,Nexperia_DSN1608-2_1.6x0.8mm,PTVS12VZ1USK,smt,True
156.5,-113.6,90.0,top,D39,,D_SMC,B340,smt,True
118.5,-38.0,0.0,top,D4,,Nexperia_DSN1608-2_1.6x0.8mm,PTVS12VZ1USK,smt,True
156.5,-129.0,180.0,top,D40,,Nexperia_DSN1608-2_1.6x0.8mm,PTVS12VZ1USK,smt,True
166.0,-113.6,90.0,top,D41,,D_SMC,B340,smt,True
166.5,-129.0,180.0,top,D42,,Nexperia_DSN1608-2_1.6x0.8mm,PTVS12VZ1USK,smt,True
189.0,-54.0,-90.0,top,D43,,D_SMC,B340,smt,True
188.285,-38.0,0.0,top,D44,,Nexperia_DSN1608-2_1.6x0.8mm,PTVS12VZ1USK,smt,True
179.5,-54.0,-90.0,top,D45,,D_SMC,B340,smt,True
179.785,-38.0,0.0,top,D46,,Nexperia_DSN1608-2_1.6x0.8mm,PTVS12VZ1USK,smt,True
170.0,-53.9,-90.0,top,D47,,D_SMC,B340,smt,True
169.785,-38.0,0.0,top,D48,,Nexperia_DSN1608-2_1.6x0.8mm,PTVS12VZ1USK,smt,True
160.5,-54.0,-90.0,top,D49,,D_SMC,B340,smt,True
119.0,-54.0,-90.0,top,D5,,D_SMC,B340,smt,True
160.4,-38.0,0.0,top,D50,,Nexperia_DSN1608-2_1.6x0.8mm,PTVS12VZ1USK,smt,True
127.5,-38.0,0.0,top,D6,,Nexperia_DSN1608-2_1.6x0.8mm,PTVS12VZ1USK,smt,True
128.0,-54.0,-90.0,top,D7,,D_SMC,B340,smt,True
136.715,-38.0,0.0,top,D8,,Nexperia_DSN1608-2_1.6x0.8mm,PTVS12VZ1USK,smt,True
145.5,-54.0,-90.0,top,D9,,D_SMC,B340,smt,True
146.85,-31.45,180.0,top,J1,,JST_XH_S2B-XH-A_1x02_P2.50mm_Horizontal,sensPin1,tht,True
79.95,-112.15,-90.0,top,J10,,JST_XH_S2B-XH-A_1x02_P2.50mm_Horizontal,togglePin6,tht,True
136.85,-136.55,0.0,top,J11,,JST_XH_S2B-XH-A_1x02_P2.50mm_Horizontal,dimPin1,tht,True
146.3,-136.55,0.0,top,J12,,JST_XH_S2B-XH-A_1x02_P2.50mm_Horizontal,dimPin2,tht,True
155.75,-136.55,0.0,top,J13,,JST_XH_S2B-XH-A_1x02_P2.50mm_Horizontal,dimPin3,tht,True
165.2,-136.55,0.0,top,J14,,JST_XH_S2B-XH-A_1x02_P2.50mm_Horizontal,dimPin4,tht,True
190.07,-31.49,180.0,top,J15,,JST_XH_S2B-XH-A_1x02_P2.50mm_Horizontal,timerPin1,tht,True
180.62,-31.49,180.0,top,J16,,JST_XH_S2B-XH-A_1x02_P2.50mm_Horizontal,timerPin2,tht,True
171.17,-31.49,180.0,top,J17,,JST_XH_S2B-XH-A_1x02_P2.50mm_Horizontal,timerPin3,tht,True
161.72,-31.49,180.0,top,J18,,JST_XH_S2B-XH-A_1x02_P2.50mm_Horizontal,timerPin4,tht,True
220.08,-64.89,90.0,top,J19,,JST_XH_S2B-XH-A_1x02_P2.50mm_Horizontal,sequencePin1,tht,True
137.85,-31.45,180.0,top,J2,,JST_XH_S2B-XH-A_1x02_P2.50mm_Horizontal,sensPin2,tht,True
220.05,-74.35,90.0,top,J20,,JST_XH_S2B-XH-A_1x02_P2.50mm_Horizontal,sequencePin2,tht,True
220.05,-83.8,90.0,top,J21,,JST_XH_S2B-XH-A_1x02_P2.50mm_Horizontal,sequencePin3,tht,True
220.05,-93.25,90.0,top,J22,,JST_XH_S2B-XH-A_1x02_P2.50mm_Horizontal,sequencePin4,tht,True
220.05,-102.7,90.0,top,J23,,JST_XH_S2B-XH-A_1x02_P2.50mm_Horizontal,sequencePin5,tht,True
220.05,-112.15,90.0,top,J24,,JST_XH_S2B-XH-A_1x02_P2.50mm_Horizontal,sequencePin6,tht,True
102.75,-33.05,180.0,bottom,J25,,JST_XH_S2B-XH-A_1x02_P2.50mm_Horizontal,5VDC,tht,True
128.85,-31.45,180.0,top,J3,,JST_XH_S2B-XH-A_1x02_P2.50mm_Horizontal,sensPin3,tht,True
119.85,-31.45,180.0,top,J4,,JST_XH_S2B-XH-A_1x02_P2.50mm_Horizontal,sensPin4,tht,True
79.95,-64.9,-90.0,top,J5,,JST_XH_S2B-XH-A_1x02_P2.50mm_Horizontal,togglePin1,tht,True
79.95,-74.35,-90.0,top,J6,,JST_XH_S2B-XH-A_1x02_P2.50mm_Horizontal,togglePin2,tht,True
79.95,-83.8,-90.0,top,J7,,JST_XH_S2B-XH-A_1x02_P2.50mm_Horizontal,togglePin3,tht,True
79.95,-93.25,-90.0,top,J8,,JST_XH_S2B-XH-A_1x02_P2.50mm_Horizontal,togglePin4,tht,True
79.95,-102.7,-90.0,top,J9,,JST_XH_S2B-XH-A_1x02_P2.50mm_Horizontal,togglePin5,tht,True
135.95,-41.0625,90.0,top,Q1,,SOT-23,IRLML6244,smt,True
204.5625,-111.0,0.0,top,Q10,,SOT-23,IRLML6244,smt,True
96.0625,-66.05,180.0,top,Q12,,SOT-23,IRLML6244,smt,True
96.0625,-75.55,180.0,top,Q13,,SOT-23,IRLML6244,smt,True
96.0625,-85.0,180.0,top,Q14,,SOT-23,IRLML6244,smt,True
96.0625,-94.55,180.0,top,Q15,,SOT-23,IRLML6244,smt,True
96.0625,-104.05,180.0,top,Q16,,SOT-23,IRLML6244,smt,True
96.0625,-113.55,180.0,top,Q17,,SOT-23,IRLML6244,smt,True
137.5,-125.0625,-90.0,top,Q18,,SOT-23,IRLML6244,smt,True
147.0,-125.0625,-90.0,top,Q19,,SOT-23,IRLML6244,smt,True
118.05,-41.0625,90.0,top,Q2,,SOT-23,IRLML6244,smt,True
156.5,-125.0625,-90.0,top,Q20,,SOT-23,IRLML6244,smt,True
166.0,-125.0625,-90.0,top,Q21,,SOT-23,IRLML6244,smt,True
188.5625,-41.5,90.0,top,Q22,,SOT-23,IRLML6244,smt,True
180.0,-41.5,90.0,top,Q23,,SOT-23,IRLML6244,smt,True
170.0,-41.5,90.0,top,Q24,,SOT-23,IRLML6244,smt,True
160.5625,-41.5,90.0,top,Q25,,SOT-23,IRLML6244,smt,True
127.05,-41.0625,90.0,top,Q3,,SOT-23,IRLML6244,smt,True
204.5625,-64.05,0.0,top,Q4,,SOT-23,IRLML6244,smt,True
144.55,-41.0625,90.0,top,Q5,,SOT-23,IRLML6244,smt,True
204.5625,-73.5,0.0,top,Q6,,SOT-23,IRLML6244,smt,True
204.5625,-83.0,0.0,top,Q7,,SOT-23,IRLML6244,smt,True
204.5625,-92.5,0.0,top,Q8,,SOT-23,IRLML6244,smt,True
204.5625,-102.0,0.0,top,Q9,,SOT-23,IRLML6244,smt,True
144.5,-45.0,90.0,top,R1,,R_0603_1608Metric_Pad0.98x0.95mm_HandSolder,100ohm,smt,True
199.0,-111.0,-90.0,top,R10,,R_0603_1608Metric_Pad0.98x0.95mm_HandSolder,100ohm,smt,True
102.0,-66.0875,-90.0,top,R12,,R_0603_1608Metric_Pad0.98x0.95mm_HandSolder,100ohm,smt,True
102.0,-75.5875,-90.0,top,R13,,R_0603_1608Metric_Pad0.98x0.95mm_HandSolder,100ohm,smt,True
102.0,-85.0,-90.0,top,R14,,R_0603_1608Metric_Pad0.98x0.95mm_HandSolder,100ohm,smt,True
102.0,-94.5,-90.0,top,R15,,R_0603_1608Metric_Pad0.98x0.95mm_HandSolder,100ohm,smt,True
102.0,-104.0,-90.0,top,R16,,R_0603_1608Metric_Pad0.98x0.95mm_HandSolder,100ohm,smt,True
102.0,-113.5875,-90.0,top,R17,,R_0603_1608Metric_Pad0.98x0.95mm_HandSolder,100ohm,smt,True
137.5875,-120.7,0.0,top,R18,,R_0603_1608Metric_Pad0.98x0.95mm_HandSolder,100ohm,smt,True
147.0875,-120.7,0.0,top,R19,,R_0603_1608Metric_Pad0.98x0.95mm_HandSolder,100ohm,smt,True
118.0,-45.0,90.0,top,R2,,R_0603_1608Metric_Pad0.98x0.95mm_HandSolder,100ohm,smt,True
156.5875,-120.7,0.0,top,R20,,R_0603_1608Metric_Pad0.98x0.95mm_HandSolder,100ohm,smt,True
166.0875,-120.7,0.0,top,R21,,R_0603_1608Metric_Pad0.98x0.95mm_HandSolder,100ohm,smt,True
188.5,-46.5,0.0,top,R22,,R_0603_1608Metric_Pad0.98x0.95mm_HandSolder,100ohm,smt,True
180.0,-46.5,0.0,top,R23,,R_0603_1608Metric_Pad0.98x0.95mm_HandSolder,100ohm,smt,True
170.0,-46.5,0.0,top,R24,,R_0603_1608Metric_Pad0.98x0.95mm_HandSolder,100ohm,smt,True
160.5,-46.5,0.0,top,R25,,R_0603_1608Metric_Pad0.98x0.95mm_HandSolder,100ohm,smt,True
127.0,-45.0,90.0,top,R3,,R_0603_1608Metric_Pad0.98x0.95mm_HandSolder,100ohm,smt,True
136.0,-44.9125,90.0,top,R4,,R_0603_1608Metric_Pad0.98x0.95mm_HandSolder,100ohm,smt,True
199.0,-64.0875,-90.0,top,R5,,R_0603_1608Metric_Pad0.98x0.95mm_HandSolder,100ohm,smt,True
199.0,-73.5875,-90.0,top,R6,,R_0603_1608Metric_Pad0.98x0.95mm_HandSolder,100ohm,smt,True
199.0,-83.0875,-90.0,top,R7,,R_0603_1608Metric_Pad0.98x0.95mm_HandSolder,100ohm,smt,True
199.0,-92.5875,-90.0,top,R8,,R_0603_1608Metric_Pad0.98x0.95mm_HandSolder,100ohm,smt,True
199.0,-102.0,-90.0,top,R9,,R_0603_1608Metric_Pad0.98x0.95mm_HandSolder,100ohm,smt,True
149.71,-92.245,0.0,top,U1,,ESP32-WROOM-32D,ESP32-WROOM-32D,smt,True
92.71,-49.78,180.0,top,U2,,Converter_DCDC_Murata_OKI-78SR_Horizontal,OKI-78SR-3.3_1.5-W36H-C,tht,True
