<?xml version="1.0" encoding="utf-8"?>
<!--/554574/550576/2.50/2/3/Connector/-->
<quadcept_library>
  <setting unit="mil" />
  <textstyle name="Default" height="47.244094488189" strokewidth="7.8740157480315" charwidth="47.244094488189" />
  <textstyle name="Dimension" height="19.6850393700787" strokewidth="0" charwidth="19.6850393700787" />
  <textstyle name="H127W0635TH00762" height="50" strokewidth="3" charwidth="25" />
  <textstyle name="H15W15TH02" height="59.0551181102362" strokewidth="7.8740157480315" charwidth="59.0551181102362" />
  <padstyle name="s150_h100" surface="False" plated="True" isvia="False" nopaste="True" nomask="True" complex="False" holesize="39.370078740157">
    <padshape layer="TOP" shape="square" width="59.055118110235" height="59.055118110235" />
    <padshape layer="TOP_SOLDER_MASK" shape="square" width="66.929133858267" height="66.929133858267" />
    <padshape layer="INNER" shape="square" width="59.055118110235" height="59.055118110235" />
    <padshape layer="BOTTOM" shape="square" width="59.055118110235" height="59.055118110235" />
    <padshape layer="BOTTOM_SOLDER_MASK" shape="square" width="66.929133858267" height="66.929133858267" />
  </padstyle>
  <padstyle name="c150_h100" surface="False" plated="True" isvia="False" nopaste="True" nomask="True" complex="False" holesize="39.370078740157">
    <padshape layer="TOP" shape="round" width="59.055118110235" height="59.055118110235" />
    <padshape layer="TOP_SOLDER_MASK" shape="round" width="66.929133858267" height="66.929133858267" />
    <padshape layer="INNER" shape="round" width="59.055118110235" height="59.055118110235" />
    <padshape layer="BOTTOM" shape="round" width="59.055118110235" height="59.055118110235" />
    <padshape layer="BOTTOM_SOLDER_MASK" shape="round" width="66.929133858267" height="66.929133858267" />
  </padstyle>
  <footprint name="B2BXHAGU" originx="0" originy="0" pickpointx="0" pickpointy="0">
    <pcbpin number="1" name="1" style="s150_h100" originx="0" originy="0" rotation="90" />
    <pcbpin number="2" name="2" style="c150_h100" originx="98.425196850392" originy="0" rotation="90" />
    <line layer="TOP_ASSEMBLY" originx="-96.456692913385" originy="133.85826771653" endx="194.88188976378" endy="133.85826771653" width="3.9370078740157" />
    <line layer="TOP_ASSEMBLY" originx="194.88188976378" originy="133.85826771653" endx="194.88188976378" endy="-92.519685039369" width="3.9370078740157" />
    <line layer="TOP_ASSEMBLY" originx="194.88188976378" originy="-92.519685039369" endx="-96.456692913385" endy="-92.519685039369" width="3.9370078740157" />
    <line layer="TOP_ASSEMBLY" originx="-96.456692913385" originy="-92.519685039369" endx="-96.456692913385" endy="133.85826771653" width="3.9370078740157" />
    <line layer="TOP_SILKSCREEN" originx="-96.456692913385" originy="133.85826771653" endx="194.88188976378" endy="133.85826771653" width="7.8740157480314" />
    <line layer="TOP_SILKSCREEN" originx="194.88188976378" originy="133.85826771653" endx="194.88188976378" endy="-92.519685039369" width="7.8740157480314" />
    <line layer="TOP_SILKSCREEN" originx="194.88188976378" originy="-92.519685039369" endx="-96.456692913385" endy="-92.519685039369" width="7.8740157480314" />
    <line layer="TOP_SILKSCREEN" originx="-96.456692913385" originy="-92.519685039369" endx="-96.456692913385" endy="133.85826771653" width="7.8740157480314" />
    <line layer="TOP_PLACE_BOUND" originx="-135.82677165354" originy="173.22834645669" endx="234.25196850393" endy="173.22834645669" width="3.9370078740157" />
    <line layer="TOP_PLACE_BOUND" originx="234.25196850393" originy="173.22834645669" endx="234.25196850393" endy="-131.88976377953" width="3.9370078740157" />
    <line layer="TOP_PLACE_BOUND" originx="234.25196850393" originy="-131.88976377953" endx="-135.82677165354" endy="-131.88976377953" width="3.9370078740157" />
    <line layer="TOP_PLACE_BOUND" originx="-135.82677165354" originy="-131.88976377953" endx="-135.82677165354" endy="173.22834645669" width="3.9370078740157" />
    <line layer="TOP_SILKSCREEN" originx="-125.9842519685" originy="0" endx="-125.9842519685" endy="0" width="3.9370078740157" />
    <arc layer="TOP_SILKSCREEN" originx="-124.01574803149" originy="0" startangle="-180.0" sweepangle="180.0" radius="1.9685039370079" width="3.9370078740157" />
    <line layer="TOP_SILKSCREEN" originx="-122.04724409449" originy="0" endx="-122.04724409449" endy="0" width="3.9370078740157" />
    <arc layer="TOP_SILKSCREEN" originx="-124.01574803149" originy="0" startangle=".0" sweepangle="180.0" radius="1.9685039370079" width="3.9370078740157" />
  </footprint>
  <symbol name="B2B-XH-A-GU" originx="0" originy="0">
    <line originx="200" originy="100" endx="600" endy="100" width="0" />
    <line originx="600" originy="-200" endx="600" endy="100" width="0" />
    <line originx="600" originy="-200" endx="200" endy="-200" width="0" />
    <line originx="200" originy="100" endx="200" endy="-200" width="0" />
    <sympin number="1" originx="200" originy="0" rotation="180" length="100" width="7.8740157480315" flipped="False">
      <text name="pinname" originx="230" originy="0" style="Default" rotation="0" justify="left" flipped="False" hidden="False" data="1" />
      <text name="pindes" originx="140" originy="20" style="Default" rotation="0" justify="lowerright" flipped="False" hidden="False" data="1" />
    </sympin>
    <sympin number="2" originx="200" originy="-100" rotation="180" length="100" width="7.8740157480315" flipped="False">
      <text name="pinname" originx="230" originy="-100" style="Default" rotation="0" justify="left" flipped="False" hidden="False" data="2" />
      <text name="pindes" originx="140" originy="-80" style="Default" rotation="0" justify="lowerright" flipped="False" hidden="False" data="2" />
    </sympin>
  </symbol>
  <component name="B2B-XH-A-GU" designatorprefix="J" height="275.5905511811" footprint="B2BXHAGU">
    <comppin designator="1" sympin="1" pinswap="0" gateswap="0" gate="1" group="1" side="" type="Any" name="1" />
    <comppin designator="2" sympin="2" pinswap="0" gateswap="0" gate="1" group="1" side="" type="Any" name="2" />
    <attached_symbol gate="1" name="B2B-XH-A-GU" />
    <pinmap designator="1" footprintpin="1" />
    <pinmap designator="2" footprintpin="2" />
    <text name="Datasheet" originx="0" originy="0" style="Default" rotation="0" justify="" flipped="False" hidden="True" data="http://www.jst-mfg.com/product/pdf/eng/eXH.pdf" />
    <text name="Description" originx="0" originy="0" style="Default" rotation="0" justify="" flipped="False" hidden="True" data="CONN HEADER VERT 2POS 2.5MM" />
    <text name="Mouser Part Number" originx="0" originy="0" style="Default" rotation="0" justify="" flipped="False" hidden="True" data="" />
    <text name="Mouser Price/Stock" originx="0" originy="0" style="Default" rotation="0" justify="" flipped="False" hidden="True" data="" />
    <text name="Manufacturer_Name" originx="0" originy="0" style="Default" rotation="0" justify="" flipped="False" hidden="True" data="JST (JAPAN SOLDERLESS TERMINALS)" />
    <text name="Manufacturer_Part_Number" originx="650" originy="200" style="Default" rotation="0" justify="left" flipped="False" hidden="False" data="B2B-XH-A-GU" />
  </component>
</quadcept_library>
