<?xml version="1.0" encoding="utf-8"?>
<!--/3258523/550576/2.50/4/2/Connector/-->
<quadcept_library>
  <setting unit="mil" />
  <textstyle name="Default" height="47.244094488189" strokewidth="7.8740157480315" charwidth="47.244094488189" />
  <textstyle name="Dimension" height="19.6850393700787" strokewidth="0" charwidth="19.6850393700787" />
  <textstyle name="H127W0635TH00762" height="50" strokewidth="3" charwidth="25" />
  <textstyle name="H15W15TH02" height="59.0551181102362" strokewidth="7.8740157480315" charwidth="59.0551181102362" />
  <padstyle name="c315_h210" surface="False" plated="True" isvia="False" nopaste="True" nomask="True" complex="False" holesize="82.67716535433">
    <padshape layer="TOP" shape="round" width="124.01574803149" height="124.01574803149" />
    <padshape layer="TOP_SOLDER_MASK" shape="round" width="131.88976377953" height="131.88976377953" />
    <padshape layer="INNER" shape="round" width="124.01574803149" height="124.01574803149" />
    <padshape layer="BOTTOM" shape="round" width="124.01574803149" height="124.01574803149" />
    <padshape layer="BOTTOM_SOLDER_MASK" shape="round" width="131.88976377953" height="131.88976377953" />
  </padstyle>
  <padstyle name="c165_h110" surface="False" plated="True" isvia="False" nopaste="True" nomask="True" complex="False" holesize="43.307086614173">
    <padshape layer="TOP" shape="round" width="64.960629921259" height="64.960629921259" />
    <padshape layer="TOP_SOLDER_MASK" shape="round" width="72.83464566929" height="72.83464566929" />
    <padshape layer="INNER" shape="round" width="64.960629921259" height="64.960629921259" />
    <padshape layer="BOTTOM" shape="round" width="64.960629921259" height="64.960629921259" />
    <padshape layer="BOTTOM_SOLDER_MASK" shape="round" width="72.83464566929" height="72.83464566929" />
  </padstyle>
  <footprint name="15586611" originx="0" originy="0" pickpointx="0" pickpointy="0">
    <pcbpin number="1" name="2" style="c315_h210" originx="0" originy="0" rotation="90" />
    <pcbpin number="2" name="3" style="c165_h110" originx="150" originy="599.99999999999" rotation="90" />
    <pcbpin number="3" name="4" style="c165_h110" originx="549.99999999999" originy="599.99999999999" rotation="90" />
    <pcbpin number="4" name="5" style="c315_h210" originx="699.99999999999" originy="99.999999999999" rotation="90" />
    <line layer="TOP_ASSEMBLY" originx="-83.464566929133" originy="-374.80314960629" endx="762.99212598424" endy="-374.80314960629" width="3.9370078740157" />
    <line layer="TOP_ASSEMBLY" originx="762.99212598424" originy="-374.80314960629" endx="762.99212598424" endy="766.92913385826" width="3.9370078740157" />
    <line layer="TOP_ASSEMBLY" originx="762.99212598424" originy="766.92913385826" endx="-83.464566929133" endy="766.92913385826" width="3.9370078740157" />
    <line layer="TOP_ASSEMBLY" originx="-83.464566929133" originy="766.92913385826" endx="-83.464566929133" endy="-374.80314960629" width="3.9370078740157" />
    <line layer="TOP_PLACE_BOUND" originx="-122.83464566929" originy="-414.17322834645" endx="802.3622047244" endy="-414.17322834645" width="3.9370078740157" />
    <line layer="TOP_PLACE_BOUND" originx="802.3622047244" originy="-414.17322834645" endx="802.3622047244" endy="806.29921259842" width="3.9370078740157" />
    <line layer="TOP_PLACE_BOUND" originx="802.3622047244" originy="806.29921259842" endx="-122.83464566929" endy="806.29921259842" width="3.9370078740157" />
    <line layer="TOP_PLACE_BOUND" originx="-122.83464566929" originy="806.29921259842" endx="-122.83464566929" endy="-414.17322834645" width="3.9370078740157" />
    <line layer="TOP_SILKSCREEN" originx="762.99212598424" originy="34.645669291338" endx="762.99212598424" endy="-374.80314960629" width="7.8740157480314" />
    <line layer="TOP_SILKSCREEN" originx="762.99212598424" originy="-374.80314960629" endx="-83.464566929133" endy="-374.80314960629" width="7.8740157480314" />
    <line layer="TOP_SILKSCREEN" originx="-83.464566929133" originy="-374.80314960629" endx="-83.464566929133" endy="766.92913385826" width="7.8740157480314" />
    <line layer="TOP_SILKSCREEN" originx="-83.464566929133" originy="766.92913385826" endx="762.99212598424" endy="766.92913385826" width="7.8740157480314" />
    <line layer="TOP_SILKSCREEN" originx="762.99212598424" originy="766.92913385826" endx="762.99212598424" endy="152.75590551181" width="7.8740157480314" />
    <line layer="TOP_SILKSCREEN" originx="-102.36220472441" originy="0" endx="-102.36220472441" endy="0" width="3.9370078740157" />
    <arc layer="TOP_SILKSCREEN" originx="-104.33070866142" originy="0" startangle=".0" sweepangle="180.0" radius="1.9685039370079" width="3.9370078740157" />
    <line layer="TOP_SILKSCREEN" originx="-106.29921259842" originy="0" endx="-106.29921259842" endy="0" width="3.9370078740157" />
    <arc layer="TOP_SILKSCREEN" originx="-104.33070866142" originy="0" startangle="-180.0" sweepangle="180.0" radius="1.9685039370079" width="3.9370078740157" />
  </footprint>
  <symbol name="1558661-1" originx="0" originy="0">
    <line originx="200" originy="100" endx="1100" endy="100" width="0" />
    <line originx="1100" originy="-200" endx="1100" endy="100" width="0" />
    <line originx="1100" originy="-200" endx="200" endy="-200" width="0" />
    <line originx="200" originy="100" endx="200" endy="-200" width="0" />
    <sympin number="2" originx="200" originy="0" rotation="180" length="100" width="7.8740157480315" flipped="False">
      <text name="pinname" originx="230" originy="0" style="Default" rotation="0" justify="left" flipped="False" hidden="False" data="NO" />
      <text name="pindes" originx="140" originy="20" style="Default" rotation="0" justify="lowerright" flipped="False" hidden="False" data="2" />
    </sympin>
    <sympin number="3" originx="200" originy="-100" rotation="180" length="100" width="7.8740157480315" flipped="False">
      <text name="pinname" originx="230" originy="-100" style="Default" rotation="0" justify="left" flipped="False" hidden="False" data="COIL_1" />
      <text name="pindes" originx="140" originy="-80" style="Default" rotation="0" justify="lowerright" flipped="False" hidden="False" data="3" />
    </sympin>
    <sympin number="4" originx="1100" originy="0" rotation="0" length="100" width="7.8740157480315" flipped="False">
      <text name="pinname" originx="1070" originy="0" style="Default" rotation="0" justify="right" flipped="False" hidden="False" data="COIL_2" />
      <text name="pindes" originx="1160" originy="20" style="Default" rotation="0" justify="lowerleft" flipped="False" hidden="False" data="4" />
    </sympin>
    <sympin number="5" originx="1100" originy="-100" rotation="0" length="100" width="7.8740157480315" flipped="False">
      <text name="pinname" originx="1070" originy="-100" style="Default" rotation="0" justify="right" flipped="False" hidden="False" data="COM" />
      <text name="pindes" originx="1160" originy="-80" style="Default" rotation="0" justify="lowerleft" flipped="False" hidden="False" data="5" />
    </sympin>
  </symbol>
  <component name="1558661-1" designatorprefix="J" height="618.11023622046" footprint="15586611">
    <comppin designator="2" sympin="2" pinswap="0" gateswap="0" gate="1" group="1" side="" type="Any" name="NO" />
    <comppin designator="3" sympin="3" pinswap="0" gateswap="0" gate="1" group="1" side="" type="Any" name="COIL_1" />
    <comppin designator="4" sympin="4" pinswap="0" gateswap="0" gate="1" group="1" side="" type="Any" name="COIL_2" />
    <comppin designator="5" sympin="5" pinswap="0" gateswap="0" gate="1" group="1" side="" type="Any" name="COM" />
    <attached_symbol gate="1" name="1558661-1" />
    <pinmap designator="2" footprintpin="1" />
    <pinmap designator="3" footprintpin="2" />
    <pinmap designator="4" footprintpin="3" />
    <pinmap designator="5" footprintpin="4" />
    <text name="Datasheet" originx="0" originy="0" style="Default" rotation="0" justify="" flipped="False" hidden="True" data="https://www.te.com/commerce/DocumentDelivery/DDEController?Action=showdoc&amp;DocId=Data SheetT9G_12160321pdfEnglishENG_DS_T9G_1216_0321.pdf1-1558661-1" />
    <text name="Description" originx="0" originy="0" style="Default" rotation="0" justify="" flipped="False" hidden="True" data="Power Relays, Standard, Monostable, DC, 900 mW Coil Power Rating DC, 28  Coil Resistance, UL Coil Insulation Class F, Potter &amp; Brumfield T9G " />
    <text name="Newark Part Number" originx="0" originy="0" style="Default" rotation="0" justify="" flipped="False" hidden="True" data="" />
    <text name="Newark Price/Stock" originx="0" originy="0" style="Default" rotation="0" justify="" flipped="False" hidden="True" data="" />
    <text name="Manufacturer_Name" originx="0" originy="0" style="Default" rotation="0" justify="" flipped="False" hidden="True" data="TE Connectivity" />
    <text name="Manufacturer_Part_Number" originx="1150" originy="200" style="Default" rotation="0" justify="left" flipped="False" hidden="False" data="1558661-1" />
  </component>
</quadcept_library>
