<?xml version="1.0" encoding="utf-8"?>
<!--/15795950/550576/2.50/14/3/LED/-->
<quadcept_library>
  <setting unit="mil" />
  <textstyle name="Default" height="47.244094488189" strokewidth="7.8740157480315" charwidth="47.244094488189" />
  <textstyle name="Dimension" height="19.6850393700787" strokewidth="0" charwidth="19.6850393700787" />
  <textstyle name="H127W0635TH00762" height="50" strokewidth="3" charwidth="25" />
  <textstyle name="H15W15TH02" height="59.0551181102362" strokewidth="7.8740157480315" charwidth="59.0551181102362" />
  <padstyle name="r101_78" surface="True" plated="False" isvia="False" nopaste="False" nomask="True" complex="False" holesize="0">
    <padshape layer="TOP" shape="rectangle" width="30.708661417322" height="39.763779527559" />
    <padshape layer="TOP_SOLDER_MASK" shape="rectangle" width="38.582677165354" height="47.63779527559" />
    <padshape layer="TOP_SOLDER_PASTE" shape="rectangle" width="30.708661417322" height="39.763779527559" />
  </padstyle>
  <padstyle name="s85" surface="True" plated="False" isvia="False" nopaste="False" nomask="True" complex="False" holesize="0">
    <padshape layer="TOP" shape="square" width="33.464566929133" height="33.464566929133" />
    <padshape layer="TOP_SOLDER_MASK" shape="square" width="41.338582677165" height="41.338582677165" />
    <padshape layer="TOP_SOLDER_PASTE" shape="square" width="33.464566929133" height="33.464566929133" />
  </padstyle>
  <padstyle name="r168_90" surface="True" plated="False" isvia="False" nopaste="False" nomask="True" complex="False" holesize="0">
    <padshape layer="TOP" shape="rectangle" width="35.433070866141" height="66.141732283464" />
    <padshape layer="TOP_SOLDER_MASK" shape="rectangle" width="43.307086614173" height="74.015748031495" />
    <padshape layer="TOP_SOLDER_PASTE" shape="rectangle" width="35.433070866141" height="66.141732283464" />
  </padstyle>
  <padstyle name="r168_87" surface="True" plated="False" isvia="False" nopaste="False" nomask="True" complex="False" holesize="0">
    <padshape layer="TOP" shape="rectangle" width="34.251968503937" height="66.141732283464" />
    <padshape layer="TOP_SOLDER_MASK" shape="rectangle" width="42.125984251968" height="74.015748031495" />
    <padshape layer="TOP_SOLDER_PASTE" shape="rectangle" width="34.251968503937" height="66.141732283464" />
  </padstyle>
  <padstyle name="r231_111" surface="True" plated="False" isvia="False" nopaste="False" nomask="True" complex="False" holesize="0">
    <padshape layer="TOP" shape="rectangle" width="43.700787401574" height="90.944881889763" />
    <padshape layer="TOP_SOLDER_MASK" shape="rectangle" width="51.574803149606" height="98.818897637794" />
    <padshape layer="TOP_SOLDER_PASTE" shape="rectangle" width="43.700787401574" height="90.944881889763" />
  </padstyle>
  <padstyle name="r90_64" surface="True" plated="False" isvia="False" nopaste="False" nomask="True" complex="False" holesize="0">
    <padshape layer="TOP" shape="rectangle" width="25.1968503937" height="35.433070866141" />
    <padshape layer="TOP_SOLDER_MASK" shape="rectangle" width="33.070866141732" height="43.307086614173" />
    <padshape layer="TOP_SOLDER_PASTE" shape="rectangle" width="25.1968503937" height="35.433070866141" />
  </padstyle>
  <padstyle name="r157_72" surface="True" plated="False" isvia="False" nopaste="False" nomask="True" complex="False" holesize="0">
    <padshape layer="TOP" shape="rectangle" width="28.346456692913" height="61.811023622046" />
    <padshape layer="TOP_SOLDER_MASK" shape="rectangle" width="36.220472440944" height="69.685039370078" />
    <padshape layer="TOP_SOLDER_PASTE" shape="rectangle" width="28.346456692913" height="61.811023622046" />
  </padstyle>
  <footprint name="CLQ6BTKWS1L1R1H1TBB7935BB3" originx="0" originy="0" pickpointx="0" pickpointy="0">
    <pcbpin number="1" name="1" style="r101_78" originx="-84.448818897637" originy="71.259842519684" rotation="90" />
    <pcbpin number="2" name="2" style="s85" originx="-87.598425196849" originy="22.63779527559" rotation="90" />
    <pcbpin number="3" name="3" style="s85" originx="-87.598425196849" originy="-22.63779527559" rotation="90" />
    <pcbpin number="4" name="4" style="r101_78" originx="-84.448818897637" originy="-71.259842519684" rotation="90" />
    <pcbpin number="5" name="5" style="r168_90" originx="71.259842519684" originy="-68.897637795275" rotation="90" />
    <pcbpin number="6" name="6" style="r168_87" originx="71.259842519684" originy="-22.244094488189" rotation="90" />
    <pcbpin number="7" name="7" style="r168_87" originx="71.259842519684" originy="22.244094488189" rotation="90" />
    <pcbpin number="8" name="8" style="r168_90" originx="71.259842519684" originy="68.897637795275" rotation="90" />
    <pcbpin number="9" name="9" style="r231_111" originx="-19.094488188976" originy="64.763779527558" rotation="90" />
    <pcbpin number="10" name="10" style="r90_64" originx="-53.149606299212" originy="18.503937007874" rotation="90" />
    <pcbpin number="11" name="11" style="r90_64" originx="-53.149606299212" originy="-18.503937007874" rotation="90" />
    <pcbpin number="12" name="12" style="r231_111" originx="-19.094488188976" originy="-64.763779527558" rotation="90" />
    <pcbpin number="13" name="13" style="r157_72" originx="7.283464566929" originy="-19.291338582677" rotation="90" />
    <pcbpin number="14" name="14" style="r157_72" originx="7.283464566929" originy="19.291338582677" rotation="90" />
    <line layer="TOP_ASSEMBLY" originx="-102.36220472441" originy="98.425196850392" endx="102.36220472441" endy="98.425196850392" width="3.9370078740157" />
    <line layer="TOP_ASSEMBLY" originx="102.36220472441" originy="98.425196850392" endx="102.36220472441" endy="-98.425196850392" width="3.9370078740157" />
    <line layer="TOP_ASSEMBLY" originx="102.36220472441" originy="-98.425196850392" endx="-102.36220472441" endy="-98.425196850392" width="3.9370078740157" />
    <line layer="TOP_ASSEMBLY" originx="-102.36220472441" originy="-98.425196850392" endx="-102.36220472441" endy="98.425196850392" width="3.9370078740157" />
    <line layer="TOP_PLACE_BOUND" originx="-143.70078740157" originy="139.37007874016" endx="143.70078740157" endy="139.37007874016" width="3.9370078740157" />
    <line layer="TOP_PLACE_BOUND" originx="143.70078740157" originy="139.37007874016" endx="143.70078740157" endy="-137.79527559055" width="3.9370078740157" />
    <line layer="TOP_PLACE_BOUND" originx="143.70078740157" originy="-137.79527559055" endx="-143.70078740157" endy="-137.79527559055" width="3.9370078740157" />
    <line layer="TOP_PLACE_BOUND" originx="-143.70078740157" originy="-137.79527559055" endx="-143.70078740157" endy="139.37007874016" width="3.9370078740157" />
    <line layer="TOP_SILKSCREEN" originx="-102.36220472441" originy="-98.425196850392" endx="99.999999999999" endy="-98.425196850392" width="7.8740157480314" />
    <line layer="TOP_SILKSCREEN" originx="-102.36220472441" originy="98.425196850392" endx="102.36220472441" endy="99.999999999999" width="7.8740157480314" />
    <line layer="TOP_SILKSCREEN" originx="-122.04724409449" originy="71.259842519684" endx="-122.04724409449" endy="71.259842519684" width="3.9370078740157" />
    <arc layer="TOP_SILKSCREEN" originx="-124.01574803149" originy="71.259842519684" startangle=".0" sweepangle="180.0" radius="1.9685039370079" width="3.9370078740157" />
    <line layer="TOP_SILKSCREEN" originx="-125.9842519685" originy="71.259842519684" endx="-125.9842519685" endy="71.259842519684" width="3.9370078740157" />
    <arc layer="TOP_SILKSCREEN" originx="-124.01574803149" originy="71.259842519684" startangle="180.0" sweepangle="180.0" radius="1.9685039370079" width="3.9370078740157" />
  </footprint>
  <symbol name="CLQ6B-TKW-S1L1R1H1TBB7935BB3" originx="0" originy="0">
    <line originx="200" originy="100" endx="2000" endy="100" width="0" />
    <line originx="2000" originy="-700" endx="2000" endy="100" width="0" />
    <line originx="2000" originy="-700" endx="200" endy="-700" width="0" />
    <line originx="200" originy="100" endx="200" endy="-700" width="0" />
    <sympin number="1" originx="200" originy="0" rotation="180" length="100" width="7.8740157480315" flipped="False">
      <text name="pinname" originx="230" originy="0" style="Default" rotation="0" justify="left" flipped="False" hidden="False" data="ANODE_RED_1" />
      <text name="pindes" originx="140" originy="20" style="Default" rotation="0" justify="lowerright" flipped="False" hidden="False" data="1" />
    </sympin>
    <sympin number="2" originx="200" originy="-100" rotation="180" length="100" width="7.8740157480315" flipped="False">
      <text name="pinname" originx="230" originy="-100" style="Default" rotation="0" justify="left" flipped="False" hidden="False" data="ANODE_GREEN_1" />
      <text name="pindes" originx="140" originy="-80" style="Default" rotation="0" justify="lowerright" flipped="False" hidden="False" data="2" />
    </sympin>
    <sympin number="3" originx="200" originy="-200" rotation="180" length="100" width="7.8740157480315" flipped="False">
      <text name="pinname" originx="230" originy="-200" style="Default" rotation="0" justify="left" flipped="False" hidden="False" data="ANODE_BLUE_1" />
      <text name="pindes" originx="140" originy="-180" style="Default" rotation="0" justify="lowerright" flipped="False" hidden="False" data="3" />
    </sympin>
    <sympin number="4" originx="200" originy="-300" rotation="180" length="100" width="7.8740157480315" flipped="False">
      <text name="pinname" originx="230" originy="-300" style="Default" rotation="0" justify="left" flipped="False" hidden="False" data="ANODE_WHITE_1" />
      <text name="pindes" originx="140" originy="-280" style="Default" rotation="0" justify="lowerright" flipped="False" hidden="False" data="4" />
    </sympin>
    <sympin number="5" originx="200" originy="-400" rotation="180" length="100" width="7.8740157480315" flipped="False">
      <text name="pinname" originx="230" originy="-400" style="Default" rotation="0" justify="left" flipped="False" hidden="False" data="WHITE_CATHODE" />
      <text name="pindes" originx="140" originy="-380" style="Default" rotation="0" justify="lowerright" flipped="False" hidden="False" data="5" />
    </sympin>
    <sympin number="6" originx="200" originy="-500" rotation="180" length="100" width="7.8740157480315" flipped="False">
      <text name="pinname" originx="230" originy="-500" style="Default" rotation="0" justify="left" flipped="False" hidden="False" data="BLUE_CATHODE_1" />
      <text name="pindes" originx="140" originy="-480" style="Default" rotation="0" justify="lowerright" flipped="False" hidden="False" data="6" />
    </sympin>
    <sympin number="7" originx="200" originy="-600" rotation="180" length="100" width="7.8740157480315" flipped="False">
      <text name="pinname" originx="230" originy="-600" style="Default" rotation="0" justify="left" flipped="False" hidden="False" data="GREEN_CATHODE_1" />
      <text name="pindes" originx="140" originy="-580" style="Default" rotation="0" justify="lowerright" flipped="False" hidden="False" data="7" />
    </sympin>
    <sympin number="8" originx="2000" originy="0" rotation="0" length="100" width="7.8740157480315" flipped="False">
      <text name="pinname" originx="1970" originy="0" style="Default" rotation="0" justify="right" flipped="False" hidden="False" data="RED_CATHODE" />
      <text name="pindes" originx="2060" originy="20" style="Default" rotation="0" justify="lowerleft" flipped="False" hidden="False" data="8" />
    </sympin>
    <sympin number="9" originx="2000" originy="-100" rotation="0" length="100" width="7.8740157480315" flipped="False">
      <text name="pinname" originx="1970" originy="-100" style="Default" rotation="0" justify="right" flipped="False" hidden="False" data="ANODE_RED_2" />
      <text name="pindes" originx="2060" originy="-80" style="Default" rotation="0" justify="lowerleft" flipped="False" hidden="False" data="9" />
    </sympin>
    <sympin number="10" originx="2000" originy="-200" rotation="0" length="100" width="7.8740157480315" flipped="False">
      <text name="pinname" originx="1970" originy="-200" style="Default" rotation="0" justify="right" flipped="False" hidden="False" data="ANODE_GREEN_2" />
      <text name="pindes" originx="2060" originy="-180" style="Default" rotation="0" justify="lowerleft" flipped="False" hidden="False" data="10" />
    </sympin>
    <sympin number="11" originx="2000" originy="-300" rotation="0" length="100" width="7.8740157480315" flipped="False">
      <text name="pinname" originx="1970" originy="-300" style="Default" rotation="0" justify="right" flipped="False" hidden="False" data="ANODE_BLUE_2" />
      <text name="pindes" originx="2060" originy="-280" style="Default" rotation="0" justify="lowerleft" flipped="False" hidden="False" data="11" />
    </sympin>
    <sympin number="12" originx="2000" originy="-400" rotation="0" length="100" width="7.8740157480315" flipped="False">
      <text name="pinname" originx="1970" originy="-400" style="Default" rotation="0" justify="right" flipped="False" hidden="False" data="ANODE_WHITE_2" />
      <text name="pindes" originx="2060" originy="-380" style="Default" rotation="0" justify="lowerleft" flipped="False" hidden="False" data="12" />
    </sympin>
    <sympin number="13" originx="2000" originy="-500" rotation="0" length="100" width="7.8740157480315" flipped="False">
      <text name="pinname" originx="1970" originy="-500" style="Default" rotation="0" justify="right" flipped="False" hidden="False" data="BLUE_CATHODE_2" />
      <text name="pindes" originx="2060" originy="-480" style="Default" rotation="0" justify="lowerleft" flipped="False" hidden="False" data="13" />
    </sympin>
    <sympin number="14" originx="2000" originy="-600" rotation="0" length="100" width="7.8740157480315" flipped="False">
      <text name="pinname" originx="1970" originy="-600" style="Default" rotation="0" justify="right" flipped="False" hidden="False" data="GREEN_CATHODE_2" />
      <text name="pindes" originx="2060" originy="-580" style="Default" rotation="0" justify="lowerleft" flipped="False" hidden="False" data="14" />
    </sympin>
  </symbol>
  <component name="CLQ6B-TKW-S1L1R1H1TBB7935BB3" designatorprefix="LED" height="47.244094488188" footprint="CLQ6BTKWS1L1R1H1TBB7935BB3">
    <comppin designator="1" sympin="1" pinswap="0" gateswap="0" gate="1" group="1" side="" type="Any" name="ANODE_RED_1" />
    <comppin designator="2" sympin="2" pinswap="0" gateswap="0" gate="1" group="1" side="" type="Any" name="ANODE_GREEN_1" />
    <comppin designator="3" sympin="3" pinswap="0" gateswap="0" gate="1" group="1" side="" type="Any" name="ANODE_BLUE_1" />
    <comppin designator="4" sympin="4" pinswap="0" gateswap="0" gate="1" group="1" side="" type="Any" name="ANODE_WHITE_1" />
    <comppin designator="5" sympin="5" pinswap="0" gateswap="0" gate="1" group="1" side="" type="Any" name="WHITE_CATHODE" />
    <comppin designator="6" sympin="6" pinswap="0" gateswap="0" gate="1" group="1" side="" type="Any" name="BLUE_CATHODE_1" />
    <comppin designator="7" sympin="7" pinswap="0" gateswap="0" gate="1" group="1" side="" type="Any" name="GREEN_CATHODE_1" />
    <comppin designator="8" sympin="8" pinswap="0" gateswap="0" gate="1" group="1" side="" type="Any" name="RED_CATHODE" />
    <comppin designator="9" sympin="9" pinswap="0" gateswap="0" gate="1" group="1" side="" type="Any" name="ANODE_RED_2" />
    <comppin designator="10" sympin="10" pinswap="0" gateswap="0" gate="1" group="1" side="" type="Any" name="ANODE_GREEN_2" />
    <comppin designator="11" sympin="11" pinswap="0" gateswap="0" gate="1" group="1" side="" type="Any" name="ANODE_BLUE_2" />
    <comppin designator="12" sympin="12" pinswap="0" gateswap="0" gate="1" group="1" side="" type="Any" name="ANODE_WHITE_2" />
    <comppin designator="13" sympin="13" pinswap="0" gateswap="0" gate="1" group="1" side="" type="Any" name="BLUE_CATHODE_2" />
    <comppin designator="14" sympin="14" pinswap="0" gateswap="0" gate="1" group="1" side="" type="Any" name="GREEN_CATHODE_2" />
    <attached_symbol gate="1" name="CLQ6B-TKW-S1L1R1H1TBB7935BB3" />
    <pinmap designator="1" footprintpin="1" />
    <pinmap designator="2" footprintpin="2" />
    <pinmap designator="3" footprintpin="3" />
    <pinmap designator="4" footprintpin="4" />
    <pinmap designator="5" footprintpin="5" />
    <pinmap designator="6" footprintpin="6" />
    <pinmap designator="7" footprintpin="7" />
    <pinmap designator="8" footprintpin="8" />
    <pinmap designator="9" footprintpin="9" />
    <pinmap designator="10" footprintpin="10" />
    <pinmap designator="11" footprintpin="11" />
    <pinmap designator="12" footprintpin="12" />
    <pinmap designator="13" footprintpin="13" />
    <pinmap designator="14" footprintpin="14" />
    <text name="Datasheet" originx="0" originy="0" style="Default" rotation="0" justify="" flipped="False" hidden="True" data="https://assets.cree-led.com/a/ds/h/HB-CLQ6B-TKW.pdf" />
    <text name="Description" originx="0" originy="0" style="Default" rotation="0" justify="" flipped="False" hidden="True" data="High Power LEDs - Multi-Colour RGB - White SMD 5050Case Size LED" />
    <text name="Mouser Part Number" originx="0" originy="0" style="Default" rotation="0" justify="" flipped="False" hidden="True" data="941-CLQ6BTKWS1L1R1B3" />
    <text name="Mouser Price/Stock" originx="0" originy="0" style="Default" rotation="0" justify="" flipped="False" hidden="True" data="https://www.mouser.co.uk/ProductDetail/Cree-LED/CLQ6B-TKW-S1L1R1H1TBB7935BB3?qs=Rp5uXu7WBW%252Bgl%252BMK9olKLg%3D%3D" />
    <text name="Manufacturer_Name" originx="0" originy="0" style="Default" rotation="0" justify="" flipped="False" hidden="True" data="Wolfspeed" />
    <text name="Manufacturer_Part_Number" originx="2050" originy="200" style="Default" rotation="0" justify="left" flipped="False" hidden="False" data="CLQ6B-TKW-S1L1R1H1TBB7935BB3" />
  </component>
</quadcept_library>
