<?xml version="1.0" encoding="utf-8"?>
<!--/17861032/550576/2.50/4/3/Relay or Contactor/-->
<quadcept_library>
  <setting unit="mil" />
  <textstyle name="Default" height="47.244094488189" strokewidth="7.8740157480315" charwidth="47.244094488189" />
  <textstyle name="Dimension" height="19.6850393700787" strokewidth="0" charwidth="19.6850393700787" />
  <textstyle name="H127W0635TH00762" height="50" strokewidth="3" charwidth="25" />
  <textstyle name="H15W15TH02" height="59.0551181102362" strokewidth="7.8740157480315" charwidth="59.0551181102362" />
  <padstyle name="c195_h130" surface="False" plated="True" isvia="False" nopaste="True" nomask="True" complex="False" holesize="51.181102362204">
    <padshape layer="TOP" shape="round" width="76.771653543306" height="76.771653543306" />
    <padshape layer="TOP_SOLDER_MASK" shape="round" width="84.645669291338" height="84.645669291338" />
    <padshape layer="INNER" shape="round" width="76.771653543306" height="76.771653543306" />
    <padshape layer="BOTTOM" shape="round" width="76.771653543306" height="76.771653543306" />
    <padshape layer="BOTTOM_SOLDER_MASK" shape="round" width="84.645669291338" height="84.645669291338" />
  </padstyle>
  <padstyle name="s150_h100" surface="False" plated="True" isvia="False" nopaste="True" nomask="True" complex="False" holesize="39.370078740157">
    <padshape layer="TOP" shape="square" width="59.055118110235" height="59.055118110235" />
    <padshape layer="TOP_SOLDER_MASK" shape="square" width="66.929133858267" height="66.929133858267" />
    <padshape layer="INNER" shape="square" width="59.055118110235" height="59.055118110235" />
    <padshape layer="BOTTOM" shape="square" width="59.055118110235" height="59.055118110235" />
    <padshape layer="BOTTOM_SOLDER_MASK" shape="square" width="66.929133858267" height="66.929133858267" />
  </padstyle>
  <padstyle name="c150_h100" surface="False" plated="True" isvia="False" nopaste="True" nomask="True" complex="False" holesize="39.370078740157">
    <padshape layer="TOP" shape="round" width="59.055118110235" height="59.055118110235" />
    <padshape layer="TOP_SOLDER_MASK" shape="round" width="66.929133858267" height="66.929133858267" />
    <padshape layer="INNER" shape="round" width="59.055118110235" height="59.055118110235" />
    <padshape layer="BOTTOM" shape="round" width="59.055118110235" height="59.055118110235" />
    <padshape layer="BOTTOM_SOLDER_MASK" shape="round" width="66.929133858267" height="66.929133858267" />
  </padstyle>
  <footprint name="AWHSH105D00G" originx="0" originy="0" pickpointx="0" pickpointy="0">
    <pcbpin number="1" name="1" style="s150_h100" originx="0" originy="0" rotation="90" />
    <pcbpin number="2" name="2" style="c195_h130" originx="480.31496062992" originy="0" rotation="90" />
    <pcbpin number="3" name="3" style="c150_h100" originx="0" originy="472.44094488188" rotation="90" />
    <pcbpin number="4" name="4" style="c195_h130" originx="-78.740157480314" originy="236.22047244094" rotation="90" />
    <line layer="TOP_ASSEMBLY" originx="-133.85826771653" originy="-66.929133858267" endx="614.17322834645" endy="-66.929133858267" width="3.9370078740157" />
    <line layer="TOP_ASSEMBLY" originx="614.17322834645" originy="-66.929133858267" endx="614.17322834645" endy="539.37007874015" width="3.9370078740157" />
    <line layer="TOP_ASSEMBLY" originx="614.17322834645" originy="539.37007874015" endx="-133.85826771653" endy="539.37007874015" width="3.9370078740157" />
    <line layer="TOP_ASSEMBLY" originx="-133.85826771653" originy="539.37007874015" endx="-133.85826771653" endy="-66.929133858267" width="3.9370078740157" />
    <line layer="TOP_SILKSCREEN" originx="-133.85826771653" originy="-66.929133858267" endx="614.17322834645" endy="-66.929133858267" width="7.8740157480314" />
    <line layer="TOP_SILKSCREEN" originx="614.17322834645" originy="-66.929133858267" endx="614.17322834645" endy="539.37007874015" width="7.8740157480314" />
    <line layer="TOP_SILKSCREEN" originx="614.17322834645" originy="539.37007874015" endx="-133.85826771653" endy="539.37007874015" width="7.8740157480314" />
    <line layer="TOP_SILKSCREEN" originx="-133.85826771653" originy="539.37007874015" endx="-133.85826771653" endy="-66.929133858267" width="7.8740157480314" />
    <line layer="TOP_PLACE_BOUND" originx="-173.22834645669" originy="578.74015748031" endx="653.54330708661" endy="578.74015748031" width="3.9370078740157" />
    <line layer="TOP_PLACE_BOUND" originx="653.54330708661" originy="578.74015748031" endx="653.54330708661" endy="-106.29921259842" width="3.9370078740157" />
    <line layer="TOP_PLACE_BOUND" originx="653.54330708661" originy="-106.29921259842" endx="-173.22834645669" endy="-106.29921259842" width="3.9370078740157" />
    <line layer="TOP_PLACE_BOUND" originx="-173.22834645669" originy="-106.29921259842" endx="-173.22834645669" endy="578.74015748031" width="3.9370078740157" />
    <line layer="TOP_SILKSCREEN" originx="-157.48031496063" originy="0" endx="-157.48031496063" endy="0" width="3.9370078740157" />
    <arc layer="TOP_SILKSCREEN" originx="-155.51181102362" originy="0" startangle="180.0" sweepangle="180.0" radius="1.9685039370079" width="3.9370078740157" />
    <line layer="TOP_SILKSCREEN" originx="-153.54330708661" originy="0" endx="-153.54330708661" endy="0" width="3.9370078740157" />
    <arc layer="TOP_SILKSCREEN" originx="-155.51181102362" originy="0" startangle=".0" sweepangle="180.0" radius="1.9685039370079" width="3.9370078740157" />
  </footprint>
  <symbol name="AWHSH105D00G" originx="0" originy="0">
    <line originx="200" originy="100" endx="1100" endy="100" width="0" />
    <line originx="1100" originy="-200" endx="1100" endy="100" width="0" />
    <line originx="1100" originy="-200" endx="200" endy="-200" width="0" />
    <line originx="200" originy="100" endx="200" endy="-200" width="0" />
    <sympin number="1" originx="200" originy="0" rotation="180" length="100" width="7.8740157480315" flipped="False">
      <text name="pinname" originx="230" originy="0" style="Default" rotation="0" justify="left" flipped="False" hidden="False" data="COIL_1" />
      <text name="pindes" originx="140" originy="20" style="Default" rotation="0" justify="lowerright" flipped="False" hidden="False" data="1" />
    </sympin>
    <sympin number="2" originx="200" originy="-100" rotation="180" length="100" width="7.8740157480315" flipped="False">
      <text name="pinname" originx="230" originy="-100" style="Default" rotation="0" justify="left" flipped="False" hidden="False" data="NO" />
      <text name="pindes" originx="140" originy="-80" style="Default" rotation="0" justify="lowerright" flipped="False" hidden="False" data="2" />
    </sympin>
    <sympin number="3" originx="1100" originy="0" rotation="0" length="100" width="7.8740157480315" flipped="False">
      <text name="pinname" originx="1070" originy="0" style="Default" rotation="0" justify="right" flipped="False" hidden="False" data="COIL_2" />
      <text name="pindes" originx="1160" originy="20" style="Default" rotation="0" justify="lowerleft" flipped="False" hidden="False" data="3" />
    </sympin>
    <sympin number="4" originx="1100" originy="-100" rotation="0" length="100" width="7.8740157480315" flipped="False">
      <text name="pinname" originx="1070" originy="-100" style="Default" rotation="0" justify="right" flipped="False" hidden="False" data="COM" />
      <text name="pindes" originx="1160" originy="-80" style="Default" rotation="0" justify="lowerleft" flipped="False" hidden="False" data="4" />
    </sympin>
  </symbol>
  <component name="AWHSH105D00G" designatorprefix="K" height="602.3622047244" footprint="AWHSH105D00G">
    <comppin designator="1" sympin="1" pinswap="0" gateswap="0" gate="1" group="1" side="" type="Any" name="COIL_1" />
    <comppin designator="2" sympin="2" pinswap="0" gateswap="0" gate="1" group="1" side="" type="Any" name="NO" />
    <comppin designator="3" sympin="3" pinswap="0" gateswap="0" gate="1" group="1" side="" type="Any" name="COIL_2" />
    <comppin designator="4" sympin="4" pinswap="0" gateswap="0" gate="1" group="1" side="" type="Any" name="COM" />
    <attached_symbol gate="1" name="AWHSH105D00G" />
    <pinmap designator="1" footprintpin="1" />
    <pinmap designator="2" footprintpin="2" />
    <pinmap designator="3" footprintpin="3" />
    <pinmap designator="4" footprintpin="4" />
    <text name="Datasheet" originx="0" originy="0" style="Default" rotation="0" justify="" flipped="False" hidden="True" data="http://www.anytek.com.cn/AWHSH112DM00G-15121582407.pdf" />
    <text name="Description" originx="0" originy="0" style="Default" rotation="0" justify="" flipped="False" hidden="True" data="General Purpose Relays Commercial RelayRated Carrying Current :15AType of Sealing : Sealed and Waterproof TypeNumber of pole : one poleCoil Voltage : 5VCoil Type : Standard DC CoilContact Form : Form C" />
    <text name="Mouser Part Number" originx="0" originy="0" style="Default" rotation="0" justify="" flipped="False" hidden="True" data="523-AWHSH105D00G" />
    <text name="Mouser Price/Stock" originx="0" originy="0" style="Default" rotation="0" justify="" flipped="False" hidden="True" data="https://www.mouser.co.uk/ProductDetail/Amphenol-Anytek/AWHSH105D00G?qs=rSMjJ%252B1ewcT7jFUGTuCYSw%3D%3D" />
    <text name="Manufacturer_Name" originx="0" originy="0" style="Default" rotation="0" justify="" flipped="False" hidden="True" data="Amphenol" />
    <text name="Manufacturer_Part_Number" originx="1150" originy="200" style="Default" rotation="0" justify="left" flipped="False" hidden="False" data="AWHSH105D00G" />
  </component>
</quadcept_library>
