[{"pos_x": 133.588, "pos_y": -72.644, "rotation": 0.0, "side": "top", "designator": "R7", "mpn": null, "pack": "R_Axial_DIN0204_L3.6mm_D1.6mm_P5.08mm_Horizontal", "value": "150", "mount_type": "tht"}, {"pos_x": 144.256, "pos_y": -83.312, "rotation": -90.0, "side": "top", "designator": "R6", "mpn": null, "pack": "R_Axial_DIN0204_L3.6mm_D1.6mm_P5.08mm_Horizontal", "value": "2.7K", "mount_type": "tht"}, {"pos_x": 154.416, "pos_y": -73.152, "rotation": 90.0, "side": "top", "designator": "R5", "mpn": null, "pack": "R_Axial_DIN0204_L3.6mm_D1.6mm_P5.08mm_Horizontal", "value": "330", "mount_type": "tht"}, {"pos_x": 124.46, "pos_y": -72.12, "rotation": 90.0, "side": "top", "designator": "R4", "mpn": null, "pack": "R_Axial_DIN0204_L3.6mm_D1.6mm_P5.08mm_Horizontal", "value": "330", "mount_type": "tht"}, {"pos_x": 99.06, "pos_y": -71.612, "rotation": 90.0, "side": "top", "designator": "R3", "mpn": null, "pack": "R_Axial_DIN0204_L3.6mm_D1.6mm_P5.08mm_Horizontal", "value": "270", "mount_type": "tht"}, {"pos_x": 74.168, "pos_y": -71.612, "rotation": 90.0, "side": "top", "designator": "R2", "mpn": null, "pack": "R_Axial_DIN0204_L3.6mm_D1.6mm_P5.08mm_Horizontal", "value": "1.3K", "mount_type": "tht"}, {"pos_x": 76.216, "pos_y": -103.632, "rotation": 90.0, "side": "top", "designator": "R1", "mpn": null, "pack": "R_Axial_DIN0204_L3.6mm_D1.6mm_P5.08mm_Horizontal", "value": "2.74K", "mount_type": "tht"}, {"pos_x": 163.576, "pos_y": -103.632, "rotation": 180.0, "side": "top", "designator": "J1", "mpn": null, "pack": "PinHeader_1x01_P2.54mm_Vertical", "value": "Conn_01x01", "mount_type": "tht"}, {"pos_x": 98.552, "pos_y": -52.832, "rotation": 180.0, "side": "top", "designator": "J5", "mpn": null, "pack": "PinHeader_1x01_P2.54mm_Vertical", "value": "Conn_01x01", "mount_type": "tht"}, {"pos_x": 67.056, "pos_y": -103.632, "rotation": 180.0, "side": "top", "designator": "SW4", "mpn": null, "pack": "PinHeader_1x03_P2.54mm_Vertical", "value": "SW_SPDT", "mount_type": "tht"}, {"pos_x": 143.256, "pos_y": -103.632, "rotation": 180.0, "side": "top", "designator": "SW1", "mpn": null, "pack": "PinHeader_1x03_P2.54mm_Vertical", "value": "SW_SPDT", "mount_type": "tht"}, {"pos_x": 67.056, "pos_y": -72.537, "rotation": 180.0, "side": "top", "designator": "SW8", "mpn": null, "pack": "PinHeader_1x03_P2.54mm_Vertical", "value": "SW_SPDT", "mount_type": "tht"}, {"pos_x": 119.616, "pos_y": -103.632, "rotation": 180.0, "side": "top", "designator": "SW2", "mpn": null, "pack": "PinHeader_1x03_P2.54mm_Vertical", "value": "SW_SPDT", "mount_type": "tht"}, {"pos_x": 113.792, "pos_y": -52.832, "rotation": 180.0, "side": "top", "designator": "J4", "mpn": null, "pack": "PinHeader_1x01_P2.54mm_Vertical", "value": "Conn_01x01", "mount_type": "tht"}, {"pos_x": 92.456, "pos_y": -103.632, "rotation": 180.0, "side": "top", "designator": "SW3", "mpn": null, "pack": "PinHeader_1x03_P2.54mm_Vertical", "value": "SW_SPDT", "mount_type": "tht"}, {"pos_x": 117.856, "pos_y": -73.152, "rotation": 180.0, "side": "top", "designator": "SW6", "mpn": null, "pack": "PinHeader_1x03_P2.54mm_Vertical", "value": "SW_SPDT", "mount_type": "tht"}, {"pos_x": 92.456, "pos_y": -72.537, "rotation": 180.0, "side": "top", "designator": "SW7", "mpn": null, "pack": "PinHeader_1x03_P2.54mm_Vertical", "value": "SW_SPDT", "mount_type": "tht"}, {"pos_x": 163.576, "pos_y": -86.36, "rotation": 180.0, "side": "top", "designator": "J2", "mpn": null, "pack": "PinHeader_1x01_P2.54mm_Vertical", "value": "Conn_01x01", "mount_type": "tht"}, {"pos_x": 163.576, "pos_y": -70.104, "rotation": 180.0, "side": "top", "designator": "J3", "mpn": null, "pack": "PinHeader_1x01_P2.54mm_Vertical", "value": "Conn_01x01", "mount_type": "tht"}, {"pos_x": 143.256, "pos_y": -72.537, "rotation": 180.0, "side": "top", "designator": "SW5", "mpn": null, "pack": "PinHeader_1x03_P2.54mm_Vertical", "value": "SW_SPDT", "mount_type": "tht"}, {"pos_x": 101.092, "pos_y": -96.52, "rotation": 0.0, "side": "top", "designator": "D1", "mpn": null, "pack": "D_DO-15_P10.16mm_Horizontal", "value": "D", "mount_type": "tht"}]