<?xml version="1.0" encoding="utf-8"?>
<!--/1108442/550576/2.50/7/4/LED/-->
<quadcept_library>
  <setting unit="mil" />
  <textstyle name="Default" height="47.244094488189" strokewidth="7.8740157480315" charwidth="47.244094488189" />
  <textstyle name="Dimension" height="19.6850393700787" strokewidth="0" charwidth="19.6850393700787" />
  <textstyle name="H127W0635TH00762" height="50" strokewidth="3" charwidth="25" />
  <textstyle name="H15W15TH02" height="59.0551181102362" strokewidth="7.8740157480315" charwidth="59.0551181102362" />
  <padstyle name="r85_80" surface="True" plated="False" isvia="False" nopaste="False" nomask="True" complex="False" holesize="0">
    <padshape layer="TOP" shape="rectangle" width="31.496062992126" height="33.464566929133" />
    <padshape layer="TOP_SOLDER_MASK" shape="rectangle" width="39.370078740157" height="41.338582677165" />
    <padshape layer="TOP_SOLDER_PASTE" shape="rectangle" width="31.496062992126" height="33.464566929133" />
  </padstyle>
  <padstyle name="c190" surface="True" plated="False" isvia="False" nopaste="False" nomask="True" complex="False" holesize="0">
    <padshape layer="TOP" shape="round" width="74.803149606298" height="74.803149606298" />
    <padshape layer="TOP_SOLDER_MASK" shape="round" width="82.67716535433" height="82.67716535433" />
    <padshape layer="TOP_SOLDER_PASTE" shape="round" width="74.803149606298" height="74.803149606298" />
  </padstyle>
  <footprint name="ASMGPT0000001" originx="0" originy="0" pickpointx="0" pickpointy="0">
    <pcbpin number="1" name="1" style="r85_80" originx="-51.181102362204" originy="-85.629921259841" rotation="0" />
    <pcbpin number="2" name="2" style="r85_80" originx="0" originy="-85.629921259841" rotation="0" />
    <pcbpin number="3" name="3" style="r85_80" originx="51.181102362204" originy="-85.629921259841" rotation="0" />
    <pcbpin number="4" name="4" style="r85_80" originx="51.181102362204" originy="85.629921259841" rotation="0" />
    <pcbpin number="5" name="5" style="r85_80" originx="0" originy="85.629921259841" rotation="0" />
    <pcbpin number="6" name="6" style="r85_80" originx="-51.181102362204" originy="85.629921259841" rotation="0" />
    <pcbpin number="7" name="7" style="c190" originx="0" originy="0" rotation="90" />
    <line layer="TOP_ASSEMBLY" originx="-78.740157480314" originy="78.740157480314" endx="78.740157480314" endy="78.740157480314" width="7.8740157480314" />
    <line layer="TOP_ASSEMBLY" originx="78.740157480314" originy="78.740157480314" endx="78.740157480314" endy="-78.740157480314" width="7.8740157480314" />
    <line layer="TOP_ASSEMBLY" originx="78.740157480314" originy="-78.740157480314" endx="-78.740157480314" endy="-78.740157480314" width="7.8740157480314" />
    <line layer="TOP_ASSEMBLY" originx="-78.740157480314" originy="-78.740157480314" endx="-78.740157480314" endy="78.740157480314" width="7.8740157480314" />
    <line layer="TOP_PLACE_BOUND" originx="-118.11023622047" originy="141.73228346457" endx="118.11023622047" endy="141.73228346457" width="3.9370078740157" />
    <line layer="TOP_PLACE_BOUND" originx="118.11023622047" originy="141.73228346457" endx="118.11023622047" endy="-157.48031496063" width="3.9370078740157" />
    <line layer="TOP_PLACE_BOUND" originx="118.11023622047" originy="-157.48031496063" endx="-118.11023622047" endy="-157.48031496063" width="3.9370078740157" />
    <line layer="TOP_PLACE_BOUND" originx="-118.11023622047" originy="-157.48031496063" endx="-118.11023622047" endy="141.73228346457" width="3.9370078740157" />
    <line layer="TOP_SILKSCREEN" originx="-78.740157480314" originy="78.740157480314" endx="-78.740157480314" endy="-78.740157480314" width="3.9370078740157" />
    <line layer="TOP_SILKSCREEN" originx="78.740157480314" originy="78.740157480314" endx="78.740157480314" endy="-78.740157480314" width="3.9370078740157" />
    <line layer="TOP_SILKSCREEN" originx="-55.11811023622" originy="-114.17322834646" endx="-55.11811023622" endy="-114.17322834646" width="7.8740157480314" />
    <arc layer="TOP_SILKSCREEN" originx="-51.181102362204" originy="-114.17322834646" startangle="180.0" sweepangle="-180.0" radius="3.9370078740157" width="7.8740157480314" />
    <line layer="TOP_SILKSCREEN" originx="-47.244094488188" originy="-114.17322834646" endx="-47.244094488188" endy="-114.17322834646" width="7.8740157480314" />
    <arc layer="TOP_SILKSCREEN" originx="-51.181102362204" originy="-114.17322834646" startangle=".0" sweepangle="-180.0" radius="3.9370078740157" width="7.8740157480314" />
  </footprint>
  <symbol name="ASMG-PT00-00001" originx="0" originy="0">
    <line originx="200" originy="100" endx="1400" endy="100" width="0" />
    <line originx="1400" originy="-400" endx="1400" endy="100" width="0" />
    <line originx="1400" originy="-400" endx="200" endy="-400" width="0" />
    <line originx="200" originy="100" endx="200" endy="-400" width="0" />
    <sympin number="1" originx="200" originy="0" rotation="180" length="100" width="7.8740157480315" flipped="False">
      <text name="pinname" originx="230" originy="0" style="Default" rotation="0" justify="left" flipped="False" hidden="False" data="RED_A" />
      <text name="pindes" originx="140" originy="20" style="Default" rotation="0" justify="lowerright" flipped="False" hidden="False" data="1" />
    </sympin>
    <sympin number="2" originx="200" originy="-100" rotation="180" length="100" width="7.8740157480315" flipped="False">
      <text name="pinname" originx="230" originy="-100" style="Default" rotation="0" justify="left" flipped="False" hidden="False" data="GREEN_A" />
      <text name="pindes" originx="140" originy="-80" style="Default" rotation="0" justify="lowerright" flipped="False" hidden="False" data="2" />
    </sympin>
    <sympin number="3" originx="200" originy="-200" rotation="180" length="100" width="7.8740157480315" flipped="False">
      <text name="pinname" originx="230" originy="-200" style="Default" rotation="0" justify="left" flipped="False" hidden="False" data="BLUE_A" />
      <text name="pindes" originx="140" originy="-180" style="Default" rotation="0" justify="lowerright" flipped="False" hidden="False" data="3" />
    </sympin>
    <sympin number="4" originx="200" originy="-300" rotation="180" length="100" width="7.8740157480315" flipped="False">
      <text name="pinname" originx="230" originy="-300" style="Default" rotation="0" justify="left" flipped="False" hidden="False" data="BLUE_K" />
      <text name="pindes" originx="140" originy="-280" style="Default" rotation="0" justify="lowerright" flipped="False" hidden="False" data="4" />
    </sympin>
    <sympin number="5" originx="1400" originy="0" rotation="0" length="100" width="7.8740157480315" flipped="False">
      <text name="pinname" originx="1370" originy="0" style="Default" rotation="0" justify="right" flipped="False" hidden="False" data="GREEN_K" />
      <text name="pindes" originx="1460" originy="20" style="Default" rotation="0" justify="lowerleft" flipped="False" hidden="False" data="5" />
    </sympin>
    <sympin number="6" originx="1400" originy="-100" rotation="0" length="100" width="7.8740157480315" flipped="False">
      <text name="pinname" originx="1370" originy="-100" style="Default" rotation="0" justify="right" flipped="False" hidden="False" data="RED_K" />
      <text name="pindes" originx="1460" originy="-80" style="Default" rotation="0" justify="lowerleft" flipped="False" hidden="False" data="6" />
    </sympin>
    <sympin number="7" originx="1400" originy="-200" rotation="0" length="100" width="7.8740157480315" flipped="False">
      <text name="pinname" originx="1370" originy="-200" style="Default" rotation="0" justify="right" flipped="False" hidden="False" data="THERMAL_PAD" />
      <text name="pindes" originx="1460" originy="-180" style="Default" rotation="0" justify="lowerleft" flipped="False" hidden="False" data="7" />
    </sympin>
  </symbol>
  <component name="ASMG-PT00-00001" designatorprefix="LED" height="72.83464566929" footprint="ASMGPT0000001">
    <comppin designator="1" sympin="1" pinswap="0" gateswap="0" gate="1" group="1" side="" type="Any" name="RED_A" />
    <comppin designator="2" sympin="2" pinswap="0" gateswap="0" gate="1" group="1" side="" type="Any" name="GREEN_A" />
    <comppin designator="3" sympin="3" pinswap="0" gateswap="0" gate="1" group="1" side="" type="Any" name="BLUE_A" />
    <comppin designator="4" sympin="4" pinswap="0" gateswap="0" gate="1" group="1" side="" type="Any" name="BLUE_K" />
    <comppin designator="5" sympin="5" pinswap="0" gateswap="0" gate="1" group="1" side="" type="Any" name="GREEN_K" />
    <comppin designator="6" sympin="6" pinswap="0" gateswap="0" gate="1" group="1" side="" type="Any" name="RED_K" />
    <comppin designator="7" sympin="7" pinswap="0" gateswap="0" gate="1" group="1" side="" type="Any" name="THERMAL_PAD" />
    <attached_symbol gate="1" name="ASMG-PT00-00001" />
    <pinmap designator="1" footprintpin="1" />
    <pinmap designator="2" footprintpin="2" />
    <pinmap designator="3" footprintpin="3" />
    <pinmap designator="4" footprintpin="4" />
    <pinmap designator="5" footprintpin="5" />
    <pinmap designator="6" footprintpin="6" />
    <pinmap designator="7" footprintpin="7" />
    <text name="Datasheet" originx="0" originy="0" style="Default" rotation="0" justify="" flipped="False" hidden="True" data="https://docs.broadcom.com/docs/ASMG-PT00-DS100" />
    <text name="Description" originx="0" originy="0" style="Default" rotation="0" justify="" flipped="False" hidden="True" data="High Power LEDs - Multi-Color 1W Tri-color High Power LED" />
    <text name="Mouser Part Number" originx="0" originy="0" style="Default" rotation="0" justify="" flipped="False" hidden="True" data="630-ASMG-PT00-00001" />
    <text name="Mouser Price/Stock" originx="0" originy="0" style="Default" rotation="0" justify="" flipped="False" hidden="True" data="https://www.mouser.co.uk/ProductDetail/Broadcom-Avago/ASMG-PT00-00001?qs=BZBei1rCqCB49HWiVZdusg%3D%3D" />
    <text name="Manufacturer_Name" originx="0" originy="0" style="Default" rotation="0" justify="" flipped="False" hidden="True" data="Avago Technologies" />
    <text name="Manufacturer_Part_Number" originx="1450" originy="200" style="Default" rotation="0" justify="left" flipped="False" hidden="False" data="ASMG-PT00-00001" />
  </component>
</quadcept_library>
