﻿pos_x,pos_y,rotation,side,designator,mpn,pack,value,mount_type,place
55.35,-49.135,-90.0,top,BOOT1,,SW_Tactile_SPST_NO_Straight_CK_PTS636Sx25SMTRLFS,SW_Push,smt,True
134.003,-46.6915,180.0,bottom,C1,,C_0805_2012Metric_Pad1.18x1.45mm_HandSolder,10uF,smt,True
54.9125,-170.28,0.0,top,C10,,C_0805_2012Metric_Pad1.18x1.45mm_HandSolder,100nF,smt,True
131.5,-129.72,0.0,top,C11,,C_0805_2012Metric_Pad1.18x1.45mm_HandSolder,100nF,smt,True
131.2685,-120.9275,0.0,top,C12,,C_0805_2012Metric_Pad1.18x1.45mm_HandSolder,100nF,smt,True
131.2325,-113.16,0.0,top,C13,,C_0805_2012Metric_Pad1.18x1.45mm_HandSolder,100nF,smt,True
131.3825,-104.55,0.0,top,C14,,C_0805_2012Metric_Pad1.18x1.45mm_HandSolder,100nF,smt,True
133.5225,-93.18,0.0,top,C15,,C_0805_2012Metric_Pad1.18x1.45mm_HandSolder,100nF,smt,True
133.4425,-82.2,0.0,top,C16,,C_0805_2012Metric_Pad1.18x1.45mm_HandSolder,100nF,smt,True
131.58,-138.23,0.0,top,C17,,C_0805_2012Metric_Pad1.18x1.45mm_HandSolder,100nF,smt,True
133.51,-70.96,0.0,top,C18,,C_0805_2012Metric_Pad1.18x1.45mm_HandSolder,100nF,smt,True
133.51,-59.93,0.0,top,C19,,C_0805_2012Metric_Pad1.18x1.45mm_HandSolder,100nF,smt,True
134.0055,-44.6315,0.0,bottom,C2,,C_0805_2012Metric_Pad1.18x1.45mm_HandSolder,10uF,smt,True
49.27,-75.04,0.0,top,C20,,C_0805_2012Metric_Pad1.18x1.45mm_HandSolder,C,smt,True
49.26,-86.04,0.0,top,C21,,C_0805_2012Metric_Pad1.18x1.45mm_HandSolder,C,smt,True
49.24,-96.97,0.0,top,C22,,C_0805_2012Metric_Pad1.18x1.45mm_HandSolder,C,smt,True
49.3,-64.062,0.0,top,C23,,C_0805_2012Metric_Pad1.18x1.45mm_HandSolder,C,smt,True
51.0915,-126.45,180.0,top,C24,,C_0805_2012Metric_Pad1.18x1.45mm_HandSolder,C,smt,True
51.092,-137.424,180.0,top,C25,,C_0805_2012Metric_Pad1.18x1.45mm_HandSolder,C,smt,True
50.8075,-115.508,180.0,top,C26,,C_0805_2012Metric_Pad1.18x1.45mm_HandSolder,C,smt,True
51.112,-148.364,180.0,top,C27,,C_0805_2012Metric_Pad1.18x1.45mm_HandSolder,C,smt,True
112.3195,-46.8,90.0,bottom,C3,,C_0805_2012Metric_Pad1.18x1.45mm_HandSolder,1uF,smt,True
126.7,-50.1,-90.0,bottom,C4,,C_0805_2012Metric_Pad1.18x1.45mm_HandSolder,.1uF,smt,True
116.5275,-45.0485,90.0,bottom,C5,,C_0805_2012Metric_Pad1.18x1.45mm_HandSolder,1uF,smt,True
122.19,-50.08,-90.0,bottom,C6,,C_0805_2012Metric_Pad1.18x1.45mm_HandSolder,10pF,smt,True
124.1,-40.6625,90.0,bottom,C7,,C_0805_2012Metric_Pad1.18x1.45mm_HandSolder,22uF,smt,True
121.09,-40.6625,90.0,bottom,C8,,C_0805_2012Metric_Pad1.18x1.45mm_HandSolder,22uF,smt,True
118.08,-40.6625,90.0,bottom,C9,,C_0805_2012Metric_Pad1.18x1.45mm_HandSolder,22uF,smt,True
115.5775,-141.85,180.0,top,D1,,D_SMC,B340,smt,True
66.1195,-111.492,0.0,top,D10,,D_SMC,B340,smt,True
66.1495,-122.434,0.0,top,D11,,D_SMC,B340,smt,True
66.15,-133.408,0.0,top,D12,,D_SMC,B340,smt,True
66.17,-144.602,0.0,top,D13,,D_SMC,B340,smt,True
95.334,-148.4575,90.0,top,D14,,D_SMC,B340,smt,True
104.266,-148.4275,90.0,top,D15,,D_SMC,B340,smt,True
78.0855,-148.4135,90.0,top,D16,,D_SMC,B340,smt,True
86.4615,-148.4135,90.0,top,D17,,D_SMC,B340,smt,True
115.58,-133.42,180.0,top,D2,,D_SMC,B340,smt,True
115.62,-124.7,180.0,top,D3,,D_SMC,B340,smt,True
115.52,-116.08,180.0,top,D4,,D_SMC,B340,smt,True
115.2095,-108.194,180.0,top,D5,,D_SMC,B340,smt,True
116.43,-97.86,180.0,top,D6,,D_SMC,B340,smt,True
116.39,-86.8,180.0,top,D7,,D_SMC,B340,smt,True
116.5,-75.69,180.0,top,D8,,D_SMC,B340,smt,True
116.5,-64.66,180.0,top,D9,,D_SMC,B340,smt,True
119.53,-169.26,0.0,top,I2C1,,JST_XH_S4B-XH-A_1x04_P2.50mm_Horizontal,Conn_01x04_Pin,tht,True
66.1,-171.99,0.0,top,J1,,Jack_3.5mm_CUI_SJ1-3525N_Horizontal,AudioPlug3,tht,True
129.09,-40.5375,0.0,bottom,L1,,L_Coilcraft_XAL4020-XXX,L,smt,True
126.57,-141.845,90.0,top,LED1,,LED_0805_2012Metric_Pad1.15x1.40mm_HandSolder,GREEN_0805,smt,True
52.15,-60.265,-90.0,top,LED10,,LED_0805_2012Metric_Pad1.15x1.40mm_HandSolder,GREEN_0805,smt,True
51.99,-71.175,-90.0,top,LED11,,LED_0805_2012Metric_Pad1.15x1.40mm_HandSolder,GREEN_0805,smt,True
52.022,-82.565,-90.0,top,LED12,,LED_0805_2012Metric_Pad1.15x1.40mm_HandSolder,GREEN_0805,smt,True
51.99,-92.855,-90.0,top,LED13,,LED_0805_2012Metric_Pad1.15x1.40mm_HandSolder,GREEN_0805,smt,True
54.8935,-111.414,90.0,top,LED14,,LED_0805_2012Metric_Pad1.15x1.40mm_HandSolder,LED,smt,True
55.1775,-122.864,90.0,top,LED15,,LED_0805_2012Metric_Pad1.15x1.40mm_HandSolder,LED,smt,True
55.178,-133.584,90.0,top,LED16,,LED_0805_2012Metric_Pad1.15x1.40mm_HandSolder,LED,smt,True
55.198,-144.533,90.0,top,LED17,,LED_0805_2012Metric_Pad1.15x1.40mm_HandSolder,LED,smt,True
95.269,-158.15,180.0,top,LED18,,LED_0805_2012Metric_Pad1.15x1.40mm_HandSolder,LED,smt,True
104.201,-158.12,180.0,top,LED19,,LED_0805_2012Metric_Pad1.15x1.40mm_HandSolder,LED,smt,True
126.52,-133.2875,90.0,top,LED2,,LED_0805_2012Metric_Pad1.15x1.40mm_HandSolder,GREEN_0805,smt,True
78.0205,-158.106,180.0,top,LED20,,LED_0805_2012Metric_Pad1.15x1.40mm_HandSolder,LED,smt,True
86.3965,-158.106,180.0,top,LED21,,LED_0805_2012Metric_Pad1.15x1.40mm_HandSolder,LED,smt,True
126.52,-124.4275,90.0,top,LED3,,LED_0805_2012Metric_Pad1.15x1.40mm_HandSolder,GREEN_0805,smt,True
126.46,-116.675,90.0,top,LED4,,LED_0805_2012Metric_Pad1.15x1.40mm_HandSolder,GREEN_0805,smt,True
126.1,-108.016,90.0,top,LED5,,LED_0805_2012Metric_Pad1.15x1.40mm_HandSolder,GREEN_0805,smt,True
127.09,-97.8875,90.0,top,LED6,,LED_0805_2012Metric_Pad1.15x1.40mm_HandSolder,GREEN_0805,smt,True
127.13,-86.825,90.0,top,LED7,,LED_0805_2012Metric_Pad1.15x1.40mm_HandSolder,GREEN_0805,smt,True
126.89,-75.6175,90.0,top,LED8,,LED_0805_2012Metric_Pad1.15x1.40mm_HandSolder,GREEN_0805,smt,True
126.95,-64.715,90.0,top,LED9,,LED_0805_2012Metric_Pad1.15x1.40mm_HandSolder,GREEN_0805,smt,True
108.6,-43.5,90.0,bottom,PWR1,,PinHeader_1x02_P2.54mm_Vertical,Conn_01x02_Pin,tht,True
131.5525,-141.734,0.0,top,Q1,,SOT-23,IRLML6244,smt,True
49.813,-111.444,0.0,top,Q10,,SOT-23,IRLML6244,smt,True
49.843,-122.894,0.0,top,Q11,,SOT-23,IRLML6244,smt,True
49.8435,-133.614,0.0,top,Q12,,SOT-23,IRLML6244,smt,True
49.8635,-144.554,0.0,top,Q13,,SOT-23,IRLML6244,smt,True
95.324,-162.67,90.0,top,Q14,,SOT-23,IRLML6244,smt,True
104.256,-162.64,90.0,top,Q15,,SOT-23,IRLML6244,smt,True
78.0755,-162.626,90.0,top,Q16,,SOT-23,IRLML6244,smt,True
86.4515,-162.626,90.0,top,Q17,,SOT-23,IRLML6244,smt,True
131.5075,-133.26,0.0,top,Q2,,SOT-23,IRLML6244,smt,True
131.3225,-124.31,0.0,top,Q3,,SOT-23,IRLML6244,smt,True
131.2225,-116.62,0.0,top,Q4,,SOT-23,IRLML6244,smt,True
131.347,-107.9735,0.0,top,Q5,,SOT-23,IRLML6244,smt,True
131.7025,-97.7,0.0,top,Q6,,SOT-23,IRLML6244,smt,True
131.73,-86.72,0.0,top,Q7,,SOT-23,IRLML6244,smt,True
131.7125,-75.48,0.0,top,Q8,,SOT-23,IRLML6244,smt,True
131.79,-64.5875,0.0,top,Q9,,SOT-23,IRLML6244,smt,True
67.92,-43.7,0.0,top,R1,,R_0805_2012Metric_Pad1.20x1.40mm_HandSolder,470R,smt,True
123.98,-133.2875,90.0,top,R10,,R_0805_2012Metric_Pad1.20x1.40mm_HandSolder,12K,smt,True
123.98,-124.4275,90.0,top,R11,,R_0805_2012Metric_Pad1.20x1.40mm_HandSolder,12K,smt,True
124.04,-116.7,90.0,top,R12,,R_0805_2012Metric_Pad1.20x1.40mm_HandSolder,12K,smt,True
123.56,-108.016,90.0,top,R13,,R_0805_2012Metric_Pad1.20x1.40mm_HandSolder,12K,smt,True
124.55,-97.8875,90.0,top,R14,,R_0805_2012Metric_Pad1.20x1.40mm_HandSolder,12K,smt,True
124.59,-86.825,90.0,top,R15,,R_0805_2012Metric_Pad1.20x1.40mm_HandSolder,12K,smt,True
124.35,-75.6175,90.0,top,R16,,R_0805_2012Metric_Pad1.20x1.40mm_HandSolder,12K,smt,True
124.41,-64.715,90.0,top,R17,,R_0805_2012Metric_Pad1.20x1.40mm_HandSolder,12K,smt,True
56.38,-60.088,90.0,top,R18,,R_0805_2012Metric_Pad1.20x1.40mm_HandSolder,R,smt,True
56.35,-70.812,90.0,top,R19,,R_0805_2012Metric_Pad1.20x1.40mm_HandSolder,R,smt,True
67.92,-54.39,0.0,top,R2,,R_0805_2012Metric_Pad1.20x1.40mm_HandSolder,12K,smt,True
56.34,-82.32,90.0,top,R20,,R_0805_2012Metric_Pad1.20x1.40mm_HandSolder,R,smt,True
56.32,-92.742,90.0,top,R21,,R_0805_2012Metric_Pad1.20x1.40mm_HandSolder,R,smt,True
58.5595,-111.434,-90.0,top,R22,,R_0805_2012Metric_Pad1.20x1.40mm_HandSolder,R,smt,True
58.5895,-122.884,-90.0,top,R23,,R_0805_2012Metric_Pad1.20x1.40mm_HandSolder,R,smt,True
58.59,-133.62,-90.0,top,R24,,R_0805_2012Metric_Pad1.20x1.40mm_HandSolder,R,smt,True
58.61,-144.544,-90.0,top,R25,,R_0805_2012Metric_Pad1.20x1.40mm_HandSolder,R,smt,True
95.264,-155.89,0.0,top,R26,,R_0805_2012Metric_Pad1.20x1.40mm_HandSolder,R,smt,True
104.18,-155.86,0.0,top,R27,,R_0805_2012Metric_Pad1.20x1.40mm_HandSolder,R,smt,True
78.0155,-155.846,0.0,top,R28,,R_0805_2012Metric_Pad1.20x1.40mm_HandSolder,R,smt,True
86.3915,-155.846,0.0,top,R29,,R_0805_2012Metric_Pad1.20x1.40mm_HandSolder,R,smt,True
122.99,-45.7075,180.0,bottom,R3,,R_0805_2012Metric_Pad1.20x1.40mm_HandSolder,1M,smt,True
116.5475,-52.4,90.0,bottom,R30,,R_0805_2012Metric_Pad1.20x1.40mm_HandSolder,12K,smt,True
124.43,-50.06,90.0,bottom,R4,,R_0805_2012Metric_Pad1.20x1.40mm_HandSolder,111K,smt,True
59.67,-48.67,90.0,top,R5,,R_0805_2012Metric_Pad1.20x1.40mm_HandSolder,12K,smt,True
130.78,-50.1075,-90.0,bottom,R6,,R_0805_2012Metric_Pad1.20x1.40mm_HandSolder,1M,smt,True
59.43,-43.72,0.0,top,R7,,R_0805_2012Metric_Pad1.20x1.40mm_HandSolder,470R,smt,True
54.95,-167.34,180.0,top,R8,,R_0805_2012Metric_Pad1.20x1.40mm_HandSolder,470R,smt,True
124.03,-141.845,90.0,top,R9,,R_0805_2012Metric_Pad1.20x1.40mm_HandSolder,12K,smt,True
63.82,-49.135,-90.0,top,RST1,,SW_Tactile_SPST_NO_Straight_CK_PTS636Sx25SMTRLFS,SW_Push,smt,True
44.54,-46.16,0.0,top,TxRxGND1,,PinHeader_1x03_P2.54mm_Vertical,Conn_01x03_Pin,tht,True
129.07,-45.6275,180.0,bottom,U1,,Texas_S-PWSON-N10_ThermalVias,TPS63060,smt,True
115.4625,-48.75,180.0,bottom,U2,,SOT-23-5,AP2127K-3.3,smt,True
90.24,-50.16,0.0,top,U3,,ESP32-WROOM-32D,ESP32-WROOM-32E,smt,True
50.88,-174.185,0.0,top,U4,,Vishay_MOLD-3Pin,TSOP45xx,tht,True
94.06,-169.38,0.0,top,dim1,,JST_XH_S2B-XH-A_1x02_P2.50mm_Horizontal,Conn_01x02_Pin,tht,True
102.69,-169.38,0.0,top,dim2,,JST_XH_S2B-XH-A_1x02_P2.50mm_Horizontal,Conn_01x02_Pin,tht,True
76.87,-169.38,0.0,top,dim3,,JST_XH_S2B-XH-A_1x02_P2.50mm_Horizontal,Conn_01x02_Pin,tht,True
85.5,-169.38,0.0,top,dim4,,JST_XH_S2B-XH-A_1x02_P2.50mm_Horizontal,Conn_01x02_Pin,tht,True
138.8,-142.07,90.0,top,port1,,JST_XH_S2B-XH-A_1x02_P2.50mm_Horizontal,JST_XH_2POS,tht,True
138.8,-133.6,90.0,top,port2,,JST_XH_S2B-XH-A_1x02_P2.50mm_Horizontal,JST_XH_2POS,tht,True
138.8,-125.13,90.0,top,port3,,JST_XH_S2B-XH-A_1x02_P2.50mm_Horizontal,JST_XH_2POS,tht,True
138.79,-116.73,90.0,top,port4,,JST_XH_S2B-XH-A_1x02_P2.50mm_Horizontal,JST_XH_2POS,tht,True
138.81,-108.21,90.0,top,port5,,JST_XH_S2B-XH-A_1x02_P2.50mm_Horizontal,JST_XH_2POS,tht,True
138.81,-99.62,90.0,top,port6,,JST_XH_S3B-XH-A_1x03_P2.50mm_Horizontal,JST_XH_3POS,tht,True
138.81,-88.56,90.0,top,port7,,JST_XH_S3B-XH-A_1x03_P2.50mm_Horizontal,JST_XH_3POS,tht,True
138.81,-77.5,90.0,top,port8,,JST_XH_S3B-XH-A_1x03_P2.50mm_Horizontal,JST_XH_3POS,tht,True
138.81,-66.44,90.0,top,port9,,JST_XH_S3B-XH-A_1x03_P2.50mm_Horizontal,JST_XH_3POS,tht,True
42.39,-59.21,-90.0,top,sens1,,JST_XH_S3B-XH-A_1x03_P2.50mm_Horizontal,Conn_01x03_Pin,tht,True
42.36,-70.16,-90.0,top,sens2,,JST_XH_S3B-XH-A_1x03_P2.50mm_Horizontal,Conn_01x03_Pin,tht,True
42.35,-81.12,-90.0,top,sens3,,JST_XH_S3B-XH-A_1x03_P2.50mm_Horizontal,Conn_01x03_Pin,tht,True
42.33,-92.05,-90.0,top,sens4,,JST_XH_S3B-XH-A_1x03_P2.50mm_Horizontal,Conn_01x03_Pin,tht,True
42.4195,-109.344,-90.0,top,sensOut1,,JST_XH_S3B-XH-A_1x03_P2.50mm_Horizontal,Conn_01x03_Pin,tht,True
42.4495,-120.286,-90.0,top,sensOut2,,JST_XH_S3B-XH-A_1x03_P2.50mm_Horizontal,Conn_01x03_Pin,tht,True
42.45,-131.26,-90.0,top,sensOut3,,JST_XH_S3B-XH-A_1x03_P2.50mm_Horizontal,Conn_01x03_Pin,tht,True
42.47,-142.2,-90.0,top,sensOut4,,JST_XH_S3B-XH-A_1x03_P2.50mm_Horizontal,Conn_01x03_Pin,tht,True
