﻿designator,quantity,value,pack,mpn,mount_type
"BOOT1, RST1",2,SW_Push,SW_Tactile_SPST_NO_Straight_CK_PTS636Sx25SMTRLFS,,smt
"C1, C2",2,10uF,C_0805_2012Metric_Pad1.18x1.45mm_HandSolder,,smt
"C10, C11, C12, C13, C14, C15, C16, C17, C18, C19",10,100nF,C_0805_2012Metric_Pad1.18x1.45mm_HandSolder,,smt
"C20, C21, C22, C23, C24, C25, C26, C27",8,C,C_0805_2012Metric_Pad1.18x1.45mm_HandSolder,,smt
"C3, C5",2,1uF,C_0805_2012Metric_Pad1.18x1.45mm_HandSolder,,smt
C4,1,.1uF,C_0805_2012Metric_Pad1.18x1.45mm_HandSolder,,smt
C6,1,10pF,C_0805_2012Metric_Pad1.18x1.45mm_HandSolder,,smt
"C7, C8, C9",3,22uF,C_0805_2012Metric_Pad1.18x1.45mm_HandSolder,,smt
"D1, D10, D11, D12, D13, D14, D15, D16, D17, D2, D3, D4, D5, D6, D7, D8, D9",17,B340,D_SMC,,smt
I2C1,1,Conn_01x04_Pin,JST_XH_S4B-XH-A_1x04_P2.50mm_Horizontal,,tht
J1,1,AudioPlug3,Jack_3.5mm_CUI_SJ1-3525N_Horizontal,,tht
L1,1,L,L_Coilcraft_XAL4020-XXX,,smt
"LED1, LED10, LED11, LED12, LED13, LED2, LED3, LED4, LED5, LED6, LED7, LED8, LED9",13,GREEN_0805,LED_0805_2012Metric_Pad1.15x1.40mm_HandSolder,,smt
"LED14, LED15, LED16, LED17, LED18, LED19, LED20, LED21",8,LED,LED_0805_2012Metric_Pad1.15x1.40mm_HandSolder,,smt
PWR1,1,Conn_01x02_Pin,PinHeader_1x02_P2.54mm_Vertical,,tht
"Q1, Q10, Q11, Q12, Q13, Q14, Q15, Q16, Q17, Q2, Q3, Q4, Q5, Q6, Q7, Q8, Q9",17,IRLML6244,SOT-23,,smt
"R1, R7, R8",3,470R,R_0805_2012Metric_Pad1.20x1.40mm_HandSolder,,smt
"R10, R11, R12, R13, R14, R15, R16, R17, R2, R30, R5, R9",12,12K,R_0805_2012Metric_Pad1.20x1.40mm_HandSolder,,smt
"R18, R19, R20, R21, R22, R23, R24, R25, R26, R27, R28, R29",12,R,R_0805_2012Metric_Pad1.20x1.40mm_HandSolder,,smt
"R3, R6",2,1M,R_0805_2012Metric_Pad1.20x1.40mm_HandSolder,,smt
R4,1,111K,R_0805_2012Metric_Pad1.20x1.40mm_HandSolder,,smt
TxRxGND1,1,Conn_01x03_Pin,PinHeader_1x03_P2.54mm_Vertical,,tht
U1,1,TPS63060,Texas_S-PWSON-N10_ThermalVias,,smt
U2,1,AP2127K-3.3,SOT-23-5,,smt
U3,1,ESP32-WROOM-32E,ESP32-WROOM-32D,,smt
U4,1,TSOP45xx,Vishay_MOLD-3Pin,,tht
"dim1, dim2, dim3, dim4",4,Conn_01x02_Pin,JST_XH_S2B-XH-A_1x02_P2.50mm_Horizontal,,tht
"port1, port2, port3, port4, port5",5,JST_XH_2POS,JST_XH_S2B-XH-A_1x02_P2.50mm_Horizontal,,tht
"port6, port7, port8, port9",4,JST_XH_3POS,JST_XH_S3B-XH-A_1x03_P2.50mm_Horizontal,,tht
"sens1, sens2, sens3, sens4, sensOut1, sensOut2, sensOut3, sensOut4",8,Conn_01x03_Pin,JST_XH_S3B-XH-A_1x03_P2.50mm_Horizontal,,tht
